filename,title,date,url,digest
2003-09-25-e5ead,TAKING OBLIGATIONS SERIOUSLY,2003-09-25,http://www.tonyabbott.com.au/LatestNews/Speeches/tabid/88/articleType/ArticleView/articleId/3669/TAKING-OBLIGATIONS-SERIOUSLY.aspx,e5eadfe51091799a649c7573d1e8e6b6f8277ad0
2011-03-30-cf3bc,"Remarks at Kangaroo Bus Lines Morning Tea, Morayfield",2011-03-30,http://www.tonyabbott.com.au/LatestNews/Speeches/tabid/88/articleType/ArticleView/articleId/7957/Remarks-at-Kangaroo-Bus-Lines-Morning-Tea-Morayfield.aspx,cf3bc851aded85f58a9f457b41093397c520fe14
2011-08-19-6d6f2,"Address to Workers at Seeley International, Adelaide",2011-08-19,http://www.tonyabbott.com.au/LatestNews/Speeches/tabid/88/articleType/ArticleView/articleId/8261/Address-to-Workers-at-Seeley-International-Adelaide.aspx,6d6f2813687383f8633c16859c118efee245b57a
2009-01-25-c6b8f,THE CALLING OF POLITICS,2009-01-25,http://www.tonyabbott.com.au/LatestNews/Speeches/tabid/88/articleType/ArticleView/articleId/7040/THE-CALLING-OF-POLITICS.aspx,c6b8fd92fae440f48a939bc05b571462fe366ec6
2012-06-04-dc183,"Remarks at Her Majesty the Queen's Diamond Jubilee Beacon Lighting Ceremony, Parliament House, Canberra",2012-06-04,http://www.tonyabbott.com.au/LatestNews/Speeches/tabid/88/articleType/ArticleView/articleId/8742/Remarks-at-Her-Majesty-the-Queens-Diamond-Jubilee-Beacon-Lighting-Ceremony-Parliament-House-Canberra.aspx,dc183a2a2ee39c8f74be66be985dcf5a537e5ef4
2003-10-10-f1cc5,NEW MEDICAL INDEMNITY ARRANGEMENTS,2003-10-10,http://www.tonyabbott.com.au/LatestNews/Speeches/tabid/88/articleType/ArticleView/articleId/3552/NEW-MEDICAL-INDEMNITY-ARRANGEMENTS.aspx,f1cc555d9ac26bda7b632759eef5e4bd85b59bcc
2005-05-28-c6dec,THE VOCATION OF MEDICINE,2005-05-28,http://www.tonyabbott.com.au/LatestNews/Speeches/tabid/88/articleType/ArticleView/articleId/3596/THE-VOCATION-OF-MEDICINE.aspx,c6dec82177247e58f048fd9e272922a4777f1dcc
2011-11-07-b4408,"Address to the Menzies Research Centre Manufacturing Industry Roundtable, Melbourne",2011-11-07,http://www.tonyabbott.com.au/LatestNews/Speeches/tabid/88/articleType/ArticleView/articleId/8442/Address-to-the-Menzies-Research-Centre-Manufacturing-Industry-Roundtable-Melbourne.aspx,b4408a20704cfae4de89a8d3beccb0d26ea6d866
2011-09-12-47590,"First Reading Speech, Wild Rivers (Environmental Management) Bill 2011, Parliament House, Canberra",2011-09-12,http://www.tonyabbott.com.au/LatestNews/Speeches/tabid/88/articleType/ArticleView/articleId/8309/First-Reading-Speech-Wild-Rivers-Environmental-Management-Bill-2011-Parliament-House-Canberra.aspx,47590cec45e8135115a609cfd3af4d131a235ff6
2005-12-15-e2870,AGAINST GREED,2005-12-15,http://www.tonyabbott.com.au/LatestNews/Speeches/tabid/88/articleType/ArticleView/articleId/3589/AGAINST-GREED.aspx,e2870686305c47c93602aedf14cdf07fc5aff090
2011-11-11-e7854,"Remarks at the International Democrat Union Leaders Meeting, London",2011-11-11,http://www.tonyabbott.com.au/LatestNews/Speeches/tabid/88/articleType/ArticleView/articleId/8447/Remarks-at-the-International-Democrat-Union-Leaders-Meeting-London.aspx,e7854bb144ed3762d1fad2200295d9077f0a5622
2012-08-25-c36f0,Address to Australian Liberal Party Tasmanian Division State Council,2012-08-25,http://www.tonyabbott.com.au/LatestNews/Speeches/tabid/88/articleType/ArticleView/articleId/8865/Address-to-Australian-Liberal-Party-Tasmanian-Division-State-Council.aspx,c36f076b27143afdbb23cbb4814872498bd101c6
2011-09-23-312b2,"Address to the Australia Israel Chamber of Commerce Lunch, Melbourne",2011-09-23,http://www.tonyabbott.com.au/LatestNews/Speeches/tabid/88/articleType/ArticleView/articleId/8345/Address-to-the-Australia-Israel-Chamber-of-Commerce-Lunch-Melbourne.aspx,312b2bfd7555ff590b553b53101473c191050fcc
2011-11-21-6feea,"Parliamentary Statement on Afghanistan, House of Representatives, Parliament House",2011-11-21,http://www.tonyabbott.com.au/LatestNews/Speeches/tabid/88/articleType/ArticleView/articleId/8473/Parliamentary-Statement-on-Afghanistan-House-of-Representatives-Parliament-House.aspx,6feea1cff15be65b82ef8c35ca64fa1fff9dbbb3
2011-09-12-5c19e,"Address to the Australian Steel Convention 2011, Canberra",2011-09-12,http://www.tonyabbott.com.au/LatestNews/Speeches/tabid/88/articleType/ArticleView/articleId/8310/Address-to-the-Australian-Steel-Convention-2011-Canberra.aspx,5c19e10eb4f969b054b490c72936b1350327664d
2010-09-18-4f0ef,"Address to Liberal Party NSW Division State Council Meeting, Sydney",2010-09-18,http://www.tonyabbott.com.au/LatestNews/Speeches/tabid/88/articleType/ArticleView/articleId/7683/Address-to-Liberal-Party-NSW-Division-State-Council-Meeting-Sydney.aspx,4f0ef41c1f53d9d0ed14bba027206dbd523ca08a
2010-12-16-e7d32,"Address to the Japan Institute of International Affairs, Tokyo, Japan",2010-12-16,http://www.tonyabbott.com.au/LatestNews/Speeches/tabid/88/articleType/ArticleView/articleId/7747/Address-to-the-Japan-Institute-of-International-Affairs-Tokyo-Japan.aspx,e7d32cc5630a43ce8784872d836672cfe72ccdeb
2008-05-01-6f102,WELFARE REFORM: A CONSERVATIVE APPROACH TO UNFINISHED BUSINESS,2008-05-01,http://www.tonyabbott.com.au/LatestNews/Speeches/tabid/88/articleType/ArticleView/articleId/6914/WELFARE-REFORM-A-CONSERVATIVE-APPROACH-TO-UNFINISHED-BUSINESS.aspx,6f10260054f97708b00bcad7bd1f387b1c5b1642
2011-05-04-794c0,"Address to the Victorian Employers' Chamber of Commerce and Industry, Industry House, Melbourne",2011-05-04,http://www.tonyabbott.com.au/LatestNews/Speeches/tabid/88/articleType/ArticleView/articleId/8046/Address-to-the-Victorian-Employers-Chamber-of-Commerce-and-Industry-Industry-House-Melbourne.aspx,794c00e09d5b00362e55cb2bfc81a65e3ad91010
2008-10-30-3ed73,AUSTRALIAN FEDERALISM: RESCUE & REFORM CONFERENCE,2008-10-30,http://www.tonyabbott.com.au/LatestNews/Speeches/tabid/88/articleType/ArticleView/articleId/7004/AUSTRALIAN-FEDERALISM-RESCUE-REFORM-CONFERENCE.aspx,3ed7388e58b75e3c889fbf65a84c796f72aa1ee5
2010-04-23-fd19c,Address to the Lowy Institute - National Security Fundamentals,2010-04-23,http://www.tonyabbott.com.au/LatestNews/Speeches/tabid/88/articleType/ArticleView/articleId/7347/Address-to-the-Lowy-Institute--National-Security-Fundamentals.aspx,fd19c250107f5ca0b759c2e415db1a0019b3dbbb
2012-04-23-cb2c1,"Remarks at the launch of 'Roddy's Folly', Sydney University Law School",2012-04-23,http://www.tonyabbott.com.au/LatestNews/Speeches/tabid/88/articleType/ArticleView/articleId/8690/Remarks-at-the-launch-of-Roddys-Folly-Sydney-University-Law-School.aspx,cb2c1ad5eeedcd1aa8cd63bbe8c6080094315a18
2010-05-27-5dd9c,"Paid Parental Leave Bill 2010, House of Representatives",2010-05-27,http://www.tonyabbott.com.au/LatestNews/Speeches/tabid/88/articleType/ArticleView/articleId/7408/Paid-Parental-Leave-Bill-2010-House-of-Representatives.aspx,5dd9c672d5c36dac0bb1547a1a38fff806fef35d
2009-11-16-dd478,FORGOTTEN AUSTRALIANS SPEECH,2009-11-16,http://www.tonyabbott.com.au/LatestNews/Speeches/tabid/88/articleType/ArticleView/articleId/7151/FORGOTTEN-AUSTRALIANS-SPEECH.aspx,dd478be9d3549fb773a7b31cc8cac1690a7029aa
2003-06-20-75720,SIR NORMAN COWPER LECTURE - RESPONSIBLE FEDERALISM,2003-06-20,http://www.tonyabbott.com.au/LatestNews/Speeches/tabid/88/articleType/ArticleView/articleId/3561/SIR-NORMAN-COWPER-LECTURE--RESPONSIBLE-FEDERALISM.aspx,757204fb3ae5a13184dfe3d4996c0fb97f42363b
2009-08-14-1c7bd,WHAT'S RIGHT?,2009-08-14,http://www.tonyabbott.com.au/LatestNews/Speeches/tabid/88/articleType/ArticleView/articleId/7096/WHATS-RIGHT.aspx,1c7bd1fba205e5074591fcfc55aa8881e4bb0daf
2012-07-18-2cc7c,"Address to the Heritage Foundation, Washington D.C.",2012-07-18,http://www.tonyabbott.com.au/LatestNews/Speeches/tabid/88/articleType/ArticleView/articleId/8816/Address-to-the-Heritage-Foundation-Washington-DC.aspx,2cc7c630f158eecf2fae35d21f8f38663c5c6164
2010-09-29-905b9,Address to Parliament - Election of Speaker,2010-09-29,http://www.tonyabbott.com.au/LatestNews/Speeches/tabid/88/articleType/ArticleView/articleId/7691/Address-to-Parliament--Election-of-Speaker.aspx,905b9fc20eae32e27212559a060d648bca6ab356
2011-02-07-32459,"Remarks to Shadow Ministry Meeting, Parliament House, Canberra",2011-02-07,http://www.tonyabbott.com.au/LatestNews/Speeches/tabid/88/articleType/ArticleView/articleId/7832/Remarks-to-Shadow-Ministry-Meeting-Parliament-House-Canberra.aspx,32459219cf2894dbdaa879bfdd469de19227e14e
2010-11-22-7ae4a,Remarks to the Murray River Group of Councils and Greater Shepparton City Council Meeting,2010-11-22,http://www.tonyabbott.com.au/LatestNews/Speeches/tabid/88/articleType/ArticleView/articleId/7721/Remarks-to-the-Murray-River-Group-of-Councils-and-Greater-Shepparton-City-Council-Meeting.aspx,7ae4a0f2bf25ff84321f587b4446db3d021e9abe
2011-01-29-247e8,"Address to the 2011 Federal Young Liberal Convention, Gold Coast",2011-01-29,http://www.tonyabbott.com.au/LatestNews/Speeches/tabid/88/articleType/ArticleView/articleId/7803/Address-to-the-2011-Federal-Young-Liberal-Convention-Gold-Coast.aspx,247e8b69fe70678a6c4d3bee027c00a22f6d313a
2011-08-20-b9968,"Address to the South Australian Liberal Party State Council, Adelaide",2011-08-20,http://www.tonyabbott.com.au/LatestNews/Speeches/tabid/88/articleType/ArticleView/articleId/8264/Address-to-the-South-Australian-Liberal-Party-State-Council-Adelaide.aspx,b99685d5804d5be4809755412f8951610a789885
2012-07-01-8637e,"Address to the 56th Federal Council of the Liberal Party of Australia, Melbourne",2012-07-01,http://www.tonyabbott.com.au/LatestNews/Speeches/tabid/88/articleType/ArticleView/articleId/8792/Address-to-the-56th-Federal-Council-of-the-Liberal-Party-of-Australia-Melbourne.aspx,8637ede5dd4c7408807a35ef34fc27aabf0c9136
1999-12-17-57753,ENGINEERING THE END OF UNEMPLOYMENT,1999-12-17,http://www.tonyabbott.com.au/LatestNews/Speeches/tabid/88/articleType/ArticleView/articleId/3689/ENGINEERING-THE-END-OF-UNEMPLOYMENT.aspx,57753b1da9dc9390235139abc6e576b2dca63e5d
2000-08-03-0f53a,MUTUAL OBLIGATION AND THE SOCIAL FABRIC,2000-08-03,http://www.tonyabbott.com.au/LatestNews/Speeches/tabid/88/articleType/ArticleView/articleId/3673/MUTUAL-OBLIGATION-AND-THE-SOCIAL-FABRIC.aspx,0f53a53a52673d9937d5ba6483f693b95542a343
2011-10-10-55d85,"Remarks to Shadow Cabinet Meeting, Canberra",2011-10-10,http://www.tonyabbott.com.au/LatestNews/Speeches/tabid/88/articleType/ArticleView/articleId/8378/Remarks-to-Shadow-Cabinet-Meeting-Canberra.aspx,55d85d8c26e95f9880786706862c72f93f48dcdf
2009-07-27-89848,A REALIST'S APPROACH TO CLIMATE CHANGE,2009-07-27,http://www.tonyabbott.com.au/LatestNews/Speeches/tabid/88/articleType/ArticleView/articleId/7087/A-REALISTS-APPROACH-TO-CLIMATE-CHANGE.aspx,89848415bce7647dff8583b9924bc1b6aad0e72c
2011-05-28-adfb3,"Address to the Liberal Party, Victorian Division State Council, Melbourne 28-05",2011-05-28,http://www.tonyabbott.com.au/LatestNews/Speeches/tabid/88/articleType/ArticleView/articleId/8099/Address-to-the-Liberal-Party-Victorian-Division-State-Council-Melbourne-28-05.aspx,adfb316782b54aed57bc773f2a1ed0f1749f3069
2011-03-31-97630,"Address to the Chamber of Commerce and Industry Queensland, Brisbane",2011-03-31,http://www.tonyabbott.com.au/LatestNews/Speeches/tabid/88/articleType/ArticleView/articleId/7963/Address-to-the-Chamber-of-Commerce-and-Industry-Queensland-Brisbane.aspx,97630c8fe9df0be9dc1666e420e0ba3f9dbe20fd
2010-05-13-269ec,"Address in Reply, Parliament House",2010-05-13,http://www.tonyabbott.com.au/LatestNews/Speeches/tabid/88/articleType/ArticleView/articleId/7381/Address-in-Reply-Parliament-House.aspx,269ec1b13f8674abfd8c6ee2349a14d986076c02
2012-04-20-46901,"Landmark Speech - Address to the Australian Industry Group, Brisbane",2012-04-20,http://www.tonyabbott.com.au/LatestNews/Speeches/tabid/88/articleType/ArticleView/articleId/8678/Landmark-Speech--Address-to-the-Australian-Industry-Group-Brisbane.aspx,4690120d57c5f41ce826025ebf1dffa28c1c9be7
2010-08-08-8718e,Address to the 2010 Federal Coalition Campaign Launch,2010-08-08,http://www.tonyabbott.com.au/LatestNews/Speeches/tabid/88/articleType/ArticleView/articleId/7569/Address-to-the-2010-Federal-Coalition-Campaign-Launch.aspx,8718e664df059d1fcb6fe3b7e72da16e24dfe841
2011-07-13-6968a,"Remarks at the Melbourne Wholesale Fish Markets, West Melbourne",2011-07-13,http://www.tonyabbott.com.au/LatestNews/Speeches/tabid/88/articleType/ArticleView/articleId/8195/Remarks-at-the-Melbourne-Wholesale-Fish-Markets-West-Melbourne.aspx,6968a1d9e5c56334176191df669ce42093bba2fc
2010-03-07-a05a1,Address to South Australian Liberal Party Campaign Launch,2010-03-07,http://www.tonyabbott.com.au/LatestNews/Speeches/tabid/88/articleType/ArticleView/articleId/7290/Address-to-South-Australian-Liberal-Party-Campaign-Launch.aspx,a05a13079d938c0c02ce2b45dd6a607357a472d2
2006-11-03-09c1c,SPEECH NOTES FOR ADDRESS TO MELBOURNE INSTITUTE - THE HEALTH CARE AGREEMENTS – WHAT NEXT?,2006-11-03,http://www.tonyabbott.com.au/LatestNews/Speeches/tabid/88/articleType/ArticleView/articleId/4416/SPEECH-NOTES-FOR-ADDRESS-TO-MELBOURNE-INSTITUTE--THE-HEALTH-CARE-AGREEMENTS-WHAT-NEXT.aspx,09c1ca2eda6cd5811dbbf202e72efe852c195dc4
2008-01-29-51395,Speech Notes 2008 Young Liberals Convention - Renewing Our Sense of Mission,2008-01-29,http://www.tonyabbott.com.au/LatestNews/Speeches/tabid/88/articleType/ArticleView/articleId/6891/Speech-Notes-2008-Young-Liberals-Convention--Renewing-Our-Sense-of-Mission.aspx,513951b89f3b30bb8f3f57eec8f412ec916b0846
2001-09-07-fa632,LIBERAL BUSINESS,2001-09-07,http://www.tonyabbott.com.au/LatestNews/Speeches/tabid/88/articleType/ArticleView/articleId/3718/LIBERAL-BUSINESS.aspx,fa63259388199e1b946f5f4d0dbbfcf83ab37a88
2010-03-08-95c6d,"Address to International Women's Day Function, Manly",2010-03-08,http://www.tonyabbott.com.au/LatestNews/Speeches/tabid/88/articleType/ArticleView/articleId/7292/Address-to-International-Womens-Day-Function-Manly.aspx,95c6d61622701d788b5fe4fc87994c02dd242b83
2010-11-03-8ad26,"Address to Community Morning Tea, Woodside",2010-11-03,http://www.tonyabbott.com.au/LatestNews/Speeches/tabid/88/articleType/ArticleView/articleId/7708/Address-to-Community-Morning-Tea-Woodside.aspx,8ad2661e0e56653ed2276c02a65b7de436027814
2012-07-02-3c463,"Address to a dinner in Honour of the President of the Republic of Indonesia, Darwin",2012-07-02,http://www.tonyabbott.com.au/LatestNews/Speeches/tabid/88/articleType/ArticleView/articleId/8786/Address-to-a-dinner-in-Honour-of-the-President-of-the-Republic-of-Indonesia-Darwin.aspx,3c46393f7a1e26b18166f13d9e9c6c4cc908d21f
2002-08-08-077ed,OPERATORS VERSUS REPRESENTATIVES – THE STORY OF POLITICAL PARTIES IN THE MODERN ERA,2002-08-08,http://www.tonyabbott.com.au/LatestNews/Speeches/tabid/88/articleType/ArticleView/articleId/3713/OPERATORS-VERSUS-REPRESENTATIVES-THE-STORY-OF-POLITICAL-PARTIES-IN-THE-MODERN-ERA.aspx,077edb0c3ed2b203bacdc9e700aa1ae293b4ffc3
2011-04-13-3cdd8,"Address to Higgins Community Morning Tea, Malvern",2011-04-13,http://www.tonyabbott.com.au/LatestNews/Speeches/tabid/88/articleType/ArticleView/articleId/7996/Address-to-Higgins-Community-Morning-Tea-Malvern.aspx,3cdd812c862eb9a7c51fa40e797ff0c40ca6fc4f
2012-04-13-8bd2f,"Address to Pollie Pedal 2012, Carers Australia Presentation, Parliament House, Canberra",2012-04-13,http://www.tonyabbott.com.au/LatestNews/Speeches/tabid/88/articleType/ArticleView/articleId/8669/Address-to-Pollie-Pedal-2012-Carers-Australia-Presentation-Parliament-House-Canberra.aspx,8bd2fae7687313d116573cce2c3cc691ef1c5862
1999-01-17-ca4fe,ADDRESS TO YOUNG LIBERALS - THE YEAR OF CONSTITUTIONAL VIAGRA,1999-01-17,http://www.tonyabbott.com.au/LatestNews/Speeches/tabid/88/articleType/ArticleView/articleId/3695/ADDRESS-TO-YOUNG-LIBERALS--THE-YEAR-OF-CONSTITUTIONAL-VIAGRA.aspx,ca4fe706bf66c228b9464e0ad96db0107a7c99b0
2005-12-08-17f74,BETTER RECORDS MAKE BETTER DOCTORS,2005-12-08,http://www.tonyabbott.com.au/LatestNews/Speeches/tabid/88/articleType/ArticleView/articleId/3597/BETTER-RECORDS-MAKE-BETTER-DOCTORS.aspx,17f74514aec38d5f8cd0ea2755ddade9d8eb908a
1999-08-03-dd537,SPEECH TO INTERNET WORLD 99 CONFERENCE - THE VIRTUAL LABOUR MARKET,1999-08-03,http://www.tonyabbott.com.au/LatestNews/Speeches/tabid/88/articleType/ArticleView/articleId/3694/SPEECH-TO-INTERNET-WORLD-99-CONFERENCE--THE-VIRTUAL-LABOUR-MARKET.aspx,dd5376ae7cb68ecf4a7b0e16be5a9f540ad7bb85
2012-08-20-d38a4,"Address to the Association of Heads of Independent Schools of Australia and Independent Schools Council of Australia National Forum, Canberra",2012-08-20,http://www.tonyabbott.com.au/LatestNews/Speeches/tabid/88/articleType/ArticleView/articleId/8854/Address-to-the-Association-of-Heads-of-Independent-Schools-of-Australia-and-Independent-Schools-Council-of-Australia-National-Forum-Canberra.aspx,d38a4085b265a42838b9e597029b70bc7543a6f2
2011-06-01-d67bf,"Matter of Public Importance, Parliament House, Canberra",2011-06-01,http://www.tonyabbott.com.au/LatestNews/Speeches/tabid/88/articleType/ArticleView/articleId/8107/Matter-of-Public-Importance-Parliament-House-Canberra.aspx,d67bf9c03d73e8e038478271ded0ac81055cbfe2
2011-06-03-db6ac,"Address to the Menzies Research Centre Employment Participation Roundtable, Sydney",2011-06-03,http://www.tonyabbott.com.au/LatestNews/Speeches/tabid/88/articleType/ArticleView/articleId/8114/Address-to-the-Menzies-Research-Centre-Employment-Participation-Roundtable-Sydney.aspx,db6ac2c0b5d868f2f2585052b3b7ee89db6225d1
2011-05-18-d8ecf,"Address to the Western Australian Liberal Party Post-Federal Budget Luncheon, Perth",2011-05-18,http://www.tonyabbott.com.au/LatestNews/Speeches/tabid/88/articleType/ArticleView/articleId/8084/Address-to-the-Western-Australian-Liberal-Party-Post-Federal-Budget-Luncheon-Perth.aspx,d8ecf5a1fed21ccec4ce759b612f6931276080be
2012-07-13-f714e,"Address to the 2012 Liberal National Party Annual Convention, Brisbane",2012-07-13,http://www.tonyabbott.com.au/LatestNews/Speeches/tabid/88/articleType/ArticleView/articleId/8815/Address-to-the-2012-Liberal-National-Party-Annual-Convention-Brisbane.aspx,f714ec16ad998b68a1b7cd6663fbc6543f621d9c
2010-05-14-5509c,"Address to the Millennium Forum, Westin Hotel, Sydney",2010-05-14,http://www.tonyabbott.com.au/LatestNews/Speeches/tabid/88/articleType/ArticleView/articleId/7383/Address-to-the-Millennium-Forum-Westin-Hotel-Sydney.aspx,5509cfedb086939c9a491bf87d539a60c5331f94
2011-09-28-25e5f,"Remarks at Akubra Hats, Kempsey, New South Wales",2011-09-28,http://www.tonyabbott.com.au/LatestNews/Speeches/tabid/88/articleType/ArticleView/articleId/8354/Remarks-at-Akubra-Hats-Kempsey-New-South-Wales.aspx,25e5fe6ad404a4d6dd4478e3f4be921cfe6b68d5
2002-05-09-31119,‘A NATIONAL WORKPLACE’,2002-05-09,http://www.tonyabbott.com.au/LatestNews/Speeches/tabid/88/articleType/ArticleView/articleId/3680/A-NATIONAL-WORKPLACE.aspx,311190347caed095bb48593da3e0ecc7c66cee24
2003-12-04-81f4c,MATTERS OF PUBLIC IMPORTANCE: HOWARD GOVERNMENT - EDUCATION AND COMMUNITY SERVICES,2003-12-04,http://www.tonyabbott.com.au/LatestNews/Speeches/tabid/88/articleType/ArticleView/articleId/3559/MATTERS-OF-PUBLIC-IMPORTANCE-HOWARD-GOVERNMENT--EDUCATION-AND-COMMUNITY-SERVICES.aspx,81f4c01d2eb2af639e4448ada028453201b9ab04
2002-12-16-a3f1a,IPA STUDY LAUNCH,2002-12-16,http://www.tonyabbott.com.au/LatestNews/Speeches/tabid/88/articleType/ArticleView/articleId/3706/IPA-STUDY-LAUNCH.aspx,a3f1a7cb22f20e3198b2639d5f4d93da1bde3baf
2006-09-03-12ee8,OPENING CEREMONY OF THE INTERNATIONAL CONFERENCE ON OBESITY 2006,2006-09-03,http://www.tonyabbott.com.au/LatestNews/Speeches/tabid/88/articleType/ArticleView/articleId/4106/OPENING-CEREMONY-OF-THE-INTERNATIONAL-CONFERENCE-ON-OBESITY-2006.aspx,12ee80941bf1f8de066d9dbc9be853784f221ba0
2005-08-06-a9245,THE TROUBLE WITH REFORM,2005-08-06,http://www.tonyabbott.com.au/LatestNews/Speeches/tabid/88/articleType/ArticleView/articleId/3587/THE-TROUBLE-WITH-REFORM.aspx,a924541cd9c9756b71af31c9d511dd552f549855
2011-05-20-8df40,"Remarks with Dr. Ross Hearne at Kimberly-Clark, Ingleburn",2011-05-20,http://www.tonyabbott.com.au/LatestNews/Speeches/tabid/88/articleType/ArticleView/articleId/8088/Remarks-with-Dr-Ross-Hearne-at-Kimberly-Clark-Ingleburn.aspx,8df4047a79305bf187318ac9436f465f10034c4b
2010-09-29-cc900,Response to Welcome to Country,2010-09-29,http://www.tonyabbott.com.au/LatestNews/Speeches/tabid/88/articleType/ArticleView/articleId/7690/Response-to-Welcome-to-Country.aspx,cc900d629f63454ee71044622bc04353fea9b055
2010-02-12-ab0cd,"Address to the Queensland Chamber of Commerce and Industry, Brisbane",2010-02-12,http://www.tonyabbott.com.au/LatestNews/Speeches/tabid/88/articleType/ArticleView/articleId/7267/Address-to-the-Queensland-Chamber-of-Commerce-and-Industry-Brisbane.aspx,ab0cd205c19bca0a8521816941ea583bda54a62a
2001-02-09-05eb2,"AUSTRALIAN INDUSTRIAL RELATIONS COMMISSION, MELBOURNE",2001-02-09,http://www.tonyabbott.com.au/LatestNews/Speeches/tabid/88/articleType/ArticleView/articleId/3709/AUSTRALIAN-INDUSTRIAL-RELATIONS-COMMISSION-MELBOURNE.aspx,05eb26970054447c904180fe6487b8de89b96d85
2010-06-21-639c9,"Address to the Australian Christian Lobby, Old Parliament House",2010-06-21,http://www.tonyabbott.com.au/LatestNews/Speeches/tabid/88/articleType/ArticleView/articleId/7435/Address-to-the-Australian-Christian-Lobby-Old-Parliament-House.aspx,639c958f39004cdd51160f06525bb956f56c11dd
2010-08-04-dae01,"Remarks at Norths League and Services Club, Brisbane",2010-08-04,http://www.tonyabbott.com.au/LatestNews/Speeches/tabid/88/articleType/ArticleView/articleId/7553/Remarks-at-Norths-League-and-Services-Club-Brisbane.aspx,dae015b517947ad3e0aa0b9c2bfc9c1699581da7
2007-06-05-bb982,SPEECH TO THE SYDNEY INSTITUTE,2007-06-05,http://www.tonyabbott.com.au/LatestNews/Speeches/tabid/88/articleType/ArticleView/articleId/5636/SPEECH-TO-THE-SYDNEY-INSTITUTE.aspx,bb98208faee5cc13b9ce6099ad1518e3faff1ea5
2012-07-24-17bc1,"Address to AustCham Beijing, China",2012-07-24,http://www.tonyabbott.com.au/LatestNews/Speeches/tabid/88/articleType/ArticleView/articleId/8818/Address-to-AustCham-Beijing-China.aspx,17bc1e4cce66a571ee97bd53de7e5c67964950eb
2002-09-25-6cd98,GRASS ROOTS CAPITALISM - CORPORATE LEADERS FOR INDIGENOUS EMPLOYMENT CONFERENCE,2002-09-25,http://www.tonyabbott.com.au/LatestNews/Speeches/tabid/88/articleType/ArticleView/articleId/3701/GRASS-ROOTS-CAPITALISM--CORPORATE-LEADERS-FOR-INDIGENOUS-EMPLOYMENT-CONFERENCE.aspx,6cd987cd4207e7ee34dc8102d5e188736d83ee43
2005-02-25-31917,CEDA CONFERENCE,2005-02-25,http://www.tonyabbott.com.au/LatestNews/Speeches/tabid/88/articleType/ArticleView/articleId/3590/CEDA-CONFERENCE.aspx,31917be635066d4d5eb06f7616424affe8667d66
2011-11-01-9bbe0,"Personal Explanation, House of Representatives, Parliament House",2011-11-01,http://www.tonyabbott.com.au/LatestNews/Speeches/tabid/88/articleType/ArticleView/articleId/8427/Personal-Explanation-House-of-Representatives-Parliament-House.aspx,9bbe0e29a35b33e1655175ce293dc62d8762a8cd
2002-07-05-95fb3,"ADDRESS TO QUEENSLAND INDUSTRIAL RELATIONS SOCIETY, BRISBANE",2002-07-05,http://www.tonyabbott.com.au/LatestNews/Speeches/tabid/88/articleType/ArticleView/articleId/3715/ADDRESS-TO-QUEENSLAND-INDUSTRIAL-RELATIONS-SOCIETY-BRISBANE.aspx,95fb372b5b4ac20a30e0c65fcd46954b7351f264
2007-10-09-19cc6,HEALTH POLICIES 2007: A RECORD VERSUS A WISH-LIST,2007-10-09,http://www.tonyabbott.com.au/LatestNews/Speeches/tabid/88/articleType/ArticleView/articleId/6809/HEALTH-POLICIES-2007-A-RECORD-VERSUS-A-WISH-LIST.aspx,19cc64a4a3965656cfe3efeb098a3528d6c912ab
2011-09-14-60628,"Second Reading Speech: Clean Energy Bills 2011, House of Representatives",2011-09-14,http://www.tonyabbott.com.au/LatestNews/Speeches/tabid/88/articleType/ArticleView/articleId/8315/Second-Reading-Speech-Clean-Energy-Bills-2011-House-of-Representatives.aspx,606286b5f40b19011106d9823f0c8ea1df494680
2011-11-18-d5e5a,"Address to the Opposition Leader's Breakfast, Financial Services Council Political Series 2011, Sydney",2011-11-18,http://www.tonyabbott.com.au/LatestNews/Speeches/tabid/88/articleType/ArticleView/articleId/8459/Address-to-the-Opposition-Leaders-Breakfast-Financial-Services-Council-Political-Series-2011-Sydney.aspx,d5e5a17470abb912a9a40dcc40e08c48b72834c6
2005-01-22-24e18,CONSERVATIVES NEED NOT BE SENTIMENTAL ABOUT THE STATES,2005-01-22,http://www.tonyabbott.com.au/LatestNews/Speeches/tabid/88/articleType/ArticleView/articleId/3591/CONSERVATIVES-NEED-NOT-BE-SENTIMENTAL-ABOUT-THE-STATES.aspx,24e188b5a12b53a4f619efa9c34ba9af8a84ac57
2012-01-26-d621f,"Address to Inaugral National Emergency Medals Ceremony, Canberra",2012-01-26,http://www.tonyabbott.com.au/LatestNews/Speeches/tabid/88/articleType/ArticleView/articleId/8542/Address-to-Inaugral-National-Emergency-Medals-Ceremony-Canberra.aspx,d621f1cf621aced96dd881613bdb6de6f441619d
2010-05-25-14cf5,Address to the Asialink Asia Society 2010 National Forum,2010-05-25,http://www.tonyabbott.com.au/LatestNews/Speeches/tabid/88/articleType/ArticleView/articleId/7670/Address-to-the-Asialink-Asia-Society-2010-National-Forum.aspx,14cf5fa20361c07f05b0d893aca5c3f874cca775
2011-03-15-6d7ca,"Address to the 500 Club Luncheon, Perth",2011-03-15,http://www.tonyabbott.com.au/LatestNews/Speeches/tabid/88/articleType/ArticleView/articleId/7920/Address-to-the-500-Club-Luncheon-Perth.aspx,6d7ca32ab96c0892f9bb0fb4a2cbf141291b8208
2010-11-27-de7f0,"Neville Bonner Memorial Lecture, Australians for Constitutional Monarchy 11th National Conference",2010-11-27,http://www.tonyabbott.com.au/LatestNews/Speeches/tabid/88/articleType/ArticleView/articleId/7723/Neville-Bonner-Memorial-Lecture-Australians-for-Constitutional-Monarchy-11th-National-Conference.aspx,de7f01fd7d3326dc04224f89671a51cc589b3ca3
2003-01-11-41dac,ADDRESS TO YOUNG LIBERALS - REFORM WITH A SOCIAL CONSCIENCE,2003-01-11,http://www.tonyabbott.com.au/LatestNews/Speeches/tabid/88/articleType/ArticleView/articleId/3560/ADDRESS-TO-YOUNG-LIBERALS--REFORM-WITH-A-SOCIAL-CONSCIENCE.aspx,41dace0c13f72e075ec599b4f6fe0022c13261d7
2010-08-10-f0c16,"Address to Monte Sant' Angelo Luncheon, Sydney",2010-08-10,http://www.tonyabbott.com.au/LatestNews/Speeches/tabid/88/articleType/ArticleView/articleId/7579/Address-to-Monte-Sant-Angelo-Luncheon-Sydney.aspx,f0c167505c7a60ab6ece9028d162d62826348af6
2004-07-30-d2f6f,ARTHUR HERMAN’S “THE SCOTTISH ENLIGHTENMENT - THE SCOTS’ INVENTION OF THE MODERN WORLD”,2004-07-30,http://www.tonyabbott.com.au/LatestNews/Speeches/tabid/88/articleType/ArticleView/articleId/3549/ARTHUR-HERMANS-THE-SCOTTISH-ENLIGHTENMENT--THE-SCOTS-INVENTION-OF-THE-MODERN-WORLD.aspx,d2f6f861df78487fd4e0f17a37ef77a66a1f1ddb
2010-06-22-c1f3e,"Address to the CEDA 'State of the Nation 2010' Conference, Canberra",2010-06-22,http://www.tonyabbott.com.au/LatestNews/Speeches/tabid/88/articleType/ArticleView/articleId/7436/Address-to-the-CEDA-State-of-the-Nation-2010-Conference-Canberra.aspx,c1f3e807b64066df3dab35713cff8a75d36d538d
2010-06-02-7c431,"Address to the Minerals Week 2010 Lunch, Canberra",2010-06-02,http://www.tonyabbott.com.au/LatestNews/Speeches/tabid/88/articleType/ArticleView/articleId/7418/Address-to-the-Minerals-Week-2010-Lunch-Canberra.aspx,7c4318cdae2b4c5085425b93aea026e8ee0c4e96
2012-03-09-78733,"Landmark Speech - Address to the Victorian Employers’ Chamber of Commerce and Industry, Melbourne",2012-03-09,http://www.tonyabbott.com.au/LatestNews/Speeches/tabid/88/articleType/ArticleView/articleId/8625/Landmark-Speech--Address-to-the-Victorian-Employers-Chamber-of-Commerce-and-Industry-Melbourne.aspx,78733176f172a8459f91743c0b57aebee68de557
2011-11-02-a3ea6,"Address to the Australian Food and Grocery Council Industry Leaders Forum, Parliament House",2011-11-02,http://www.tonyabbott.com.au/LatestNews/Speeches/tabid/88/articleType/ArticleView/articleId/8433/Address-to-the-Australian-Food-and-Grocery-Council-Industry-Leaders-Forum-Parliament-House.aspx,a3ea6c8ad2bf841e6247b156c4e31bb92a61f54b
2010-11-14-d72c5,"Address to the Liberal Party of Victoria, State Election Campaign Launch, Melbourne",2010-11-14,http://www.tonyabbott.com.au/LatestNews/Speeches/tabid/88/articleType/ArticleView/articleId/7719/Address-to-the-Liberal-Party-of-Victoria-State-Election-Campaign-Launch-Melbourne.aspx,d72c57e2e82a5ae68a37b74abdac6412418e063f
2012-02-19-3c047,"Address to Commemorative Service for 70th Anniversary of Bombing of Darwin, Darwin",2012-02-19,http://www.tonyabbott.com.au/LatestNews/Speeches/tabid/88/articleType/ArticleView/articleId/8581/Address-to-Commemorative-Service-for-70th-Anniversary-of-Bombing-of-Darwin-Darwin.aspx,3c0476b581a860feb0ae9a657b65d48c5fcc8342
2000-03-03-27586,PREPARING FOR WORK LAUNCH - JOBSEEKERS WITH ATTITUDE,2000-03-03,http://www.tonyabbott.com.au/LatestNews/Speeches/tabid/88/articleType/ArticleView/articleId/3670/PREPARING-FOR-WORK-LAUNCH--JOBSEEKERS-WITH-ATTITUDE.aspx,275868791ac189efaf7d84e5435a2669cccf8e0f
2011-02-21-c2d7b,"Assisting the Victims of Overseas Terrorism Bill 2010 - First Reading Speech - House of Representatives, Parliament House, Canberra",2011-02-21,http://www.tonyabbott.com.au/LatestNews/Speeches/tabid/88/articleType/ArticleView/articleId/7859/Assisting-the-Victims-of-Overseas-Terrorism-Bill-2010--First-Reading-Speech--House-of-Representatives-Parliament-House-Canberra.aspx,c2d7bed0e37a9b35ca1a4f8cf2d8fdab8fd914e2
2011-06-10-3015b,"Remarks at the Book Launch of Peter Jonson's Great Crises of Capitalism, Sydney",2011-06-10,http://www.tonyabbott.com.au/LatestNews/Speeches/tabid/88/articleType/ArticleView/articleId/8129/Remarks-at-the-Book-Launch-of-Peter-Jonsons-Great-Crises-of-Capitalism-Sydney.aspx,3015b3faa9fbb2fcacb1a9a7d91b4343966e09f8
2002-10-28-a94a7,ADDRESS TO THE AUSTRALIAN INDUSTRIAL RELATIONS COMMISSION SYDNEY,2002-10-28,http://www.tonyabbott.com.au/LatestNews/Speeches/tabid/88/articleType/ArticleView/articleId/3711/ADDRESS-TO-THE-AUSTRALIAN-INDUSTRIAL-RELATIONS-COMMISSION-SYDNEY.aspx,a94a7ace9be09315e05b3c3c74c8b13934277f4f
2011-02-23-c6ab1,"Address to the Parliamentary Luncheon for the Mongolian Prime Minister, Parliament House",2011-02-23,http://www.tonyabbott.com.au/LatestNews/Speeches/tabid/88/articleType/ArticleView/articleId/7867/Address-to-the-Parliamentary-Luncheon-for-the-Mongolian-Prime-Minister-Parliament-House.aspx,c6ab11d0ccf598054e583e782ae45028514a8dbe
2012-05-11-0e433,"Address to Federal Budget Reply Luncheon, Sydney",2012-05-11,http://www.tonyabbott.com.au/LatestNews/Speeches/tabid/88/articleType/ArticleView/articleId/8711/Address-to-Federal-Budget-Reply-Luncheon-Sydney.aspx,0e433720f50aa18e530198e5a1dc0cd9ebea22e7
2003-10-16-2c9e0,THE NEW MEDICAL INDEMNITY REVIEW PANEL,2003-10-16,http://www.tonyabbott.com.au/LatestNews/Speeches/tabid/88/articleType/ArticleView/articleId/3554/THE-NEW-MEDICAL-INDEMNITY-REVIEW-PANEL.aspx,2c9e06106ae7b673dcedaa1db99f5276cf3ffb4e
2004-05-17-97884,THE BROTHER COUNTRIES,2004-05-17,http://www.tonyabbott.com.au/LatestNews/Speeches/tabid/88/articleType/ArticleView/articleId/3584/THE-BROTHER-COUNTRIES.aspx,978840071678f35e2c93130ccc4a9448785505d1
2004-02-11-3e032,PROTECTING AUSTRALIA FROM COMMUNICABLE DISEASES: EVERYBODY'S BUSINESS,2004-02-11,http://www.tonyabbott.com.au/LatestNews/Speeches/tabid/88/articleType/ArticleView/articleId/3547/PROTECTING-AUSTRALIA-FROM-COMMUNICABLE-DISEASES-EVERYBODYS-BUSINESS.aspx,3e032817cc119a8aac947d649587380a6b4bdebc
2012-05-28-081bb,"Remarks to Shadow Cabinet Meeting, Parliament House, Canberra",2012-05-28,http://www.tonyabbott.com.au/LatestNews/Speeches/tabid/88/articleType/ArticleView/articleId/8731/Remarks-to-Shadow-Cabinet-Meeting-Parliament-House-Canberra.aspx,081bbf3c0644631de9a98add0033bccec613f4cb
2012-07-08-5953b,"Address to the Western Sydney Seats Launch and the Carbon Tax Rally, Parramatta, Sydney",2012-07-08,http://www.tonyabbott.com.au/LatestNews/Speeches/tabid/88/articleType/ArticleView/articleId/8803/Address-to-the-Western-Sydney-Seats-Launch-and-the-Carbon-Tax-Rally-Parramatta-Sydney.aspx,5953b66644515aeed0a315c705bb13331b81d02e
2007-10-09-25aac,"SPEECH NOTES FOR AUSTRALIAN HEALTH INSURANCE ASSOCIATION CONFERENCE, MELBOURNE",2007-10-09,http://www.tonyabbott.com.au/LatestNews/Speeches/tabid/88/articleType/ArticleView/articleId/6763/SPEECH-NOTES-FOR-AUSTRALIAN-HEALTH-INSURANCE-ASSOCIATION-CONFERENCE-MELBOURNE.aspx,25aacd9b4455969a4f179bd6190e6df3cc9cc048
2010-03-30-02a4a,Address to the Leader's Forum - 'Economic Fundamentals',2010-03-30,http://www.tonyabbott.com.au/LatestNews/Speeches/tabid/88/articleType/ArticleView/articleId/7321/Address-to-the-Leaders-Forum--Economic-Fundamentals.aspx,02a4a5db0bad7a14a60c1a62032b96657849e2ff
2003-10-07-258a3,DOCTORS MUST STAY AT POSTS WHILE CANBERRA SEARCHES FOR CURES,2003-10-07,http://www.tonyabbott.com.au/LatestNews/Speeches/tabid/88/articleType/ArticleView/articleId/3553/DOCTORS-MUST-STAY-AT-POSTS-WHILE-CANBERRA-SEARCHES-FOR-CURES.aspx,258a3b664499f716876e823f6afbf653cccb5441
2007-02-16-21af9,DO NO HARM – HEALTH POLICY ISSUES IN 2007,2007-02-16,http://www.tonyabbott.com.au/LatestNews/Speeches/tabid/88/articleType/ArticleView/articleId/5638/DO-NO-HARM-HEALTH-POLICY-ISSUES-IN-2007.aspx,21af98cca7bc01b78ad82df0c5cdbfd103f889ed
2011-03-08-0505e,"Address to the Future SA Dinner, Adelaide",2011-03-08,http://www.tonyabbott.com.au/LatestNews/Speeches/tabid/88/articleType/ArticleView/articleId/7904/Address-to-the-Future-SA-Dinner-Adelaide.aspx,0505e1f934ce8119014f5d0c4bf8ae92faa022bf
2011-08-27-78359,"Address to the Tasmanian Liberal Party State Council, Hobart",2011-08-27,http://www.tonyabbott.com.au/LatestNews/Speeches/tabid/88/articleType/ArticleView/articleId/8276/Address-to-the-Tasmanian-Liberal-Party-State-Council-Hobart.aspx,7835964b55d07c40297f63038a62da9413100958
2009-05-08-fadf5,"SPEECH NOTES FOR DAVID TONKIN MEMORIAL LECTURE, ADELAIDE, 8/5/09",2009-05-08,http://www.tonyabbott.com.au/LatestNews/Speeches/tabid/88/articleType/ArticleView/articleId/7065/SPEECH-NOTES-FOR-DAVID-TONKIN-MEMORIAL-LECTURE-ADELAIDE-8509.aspx,fadf51a346d43f4e19dcd8953f12017790e75dc9
2010-06-21-22f36,Motion of Condolence - Afghanistan,2010-06-21,http://www.tonyabbott.com.au/LatestNews/Speeches/tabid/88/articleType/ArticleView/articleId/7434/Motion-of-Condolence--Afghanistan.aspx,22f364066760a55259297ba0d6beb1862ef8121c
2010-07-27-e6f51,"Address to The Sydney Institute, Sydney",2010-07-27,http://www.tonyabbott.com.au/LatestNews/Speeches/tabid/88/articleType/ArticleView/articleId/7519/Address-to-The-Sydney-Institute-Sydney.aspx,e6f513342c5aa3dcc9bc730177cd5da007536169
2011-03-17-bcf0a,"Address to the Lansdowne Club's St Patrick's Day Luncheon, Sydney",2011-03-17,http://www.tonyabbott.com.au/LatestNews/Speeches/tabid/88/articleType/ArticleView/articleId/7929/Address-to-the-Lansdowne-Clubs-St-Patricks-Day-Luncheon-Sydney.aspx,bcf0a81c5f7fe5516a8766f7f9edb43ee030e0dc
2010-10-19-8844b,Parliamentary Statement on Afghanistan,2010-10-19,http://www.tonyabbott.com.au/LatestNews/Speeches/tabid/88/articleType/ArticleView/articleId/7697/Parliamentary-Statement-on-Afghanistan.aspx,8844b18115cfbc6780a10060f73a0463822f595c
2004-09-15-1d8ef,MEDICARE'S BEST FRIEND,2004-09-15,http://www.tonyabbott.com.au/LatestNews/Speeches/tabid/88/articleType/ArticleView/articleId/3585/MEDICARES-BEST-FRIEND.aspx,1d8ef2ad421439d88fa818abac13f29620720d45
2011-06-03-8a72c,"Suspension Motion, Parliament House",2011-06-03,http://www.tonyabbott.com.au/LatestNews/Speeches/tabid/88/articleType/ArticleView/articleId/8110/Suspension-Motion-Parliament-House.aspx,8a72ca9e254e42175cc57846a5cdc5f98a0e665c
2011-08-16-4299f,"Address to the No Carbon Tax Rally, Canberra",2011-08-16,http://www.tonyabbott.com.au/LatestNews/Speeches/tabid/88/articleType/ArticleView/articleId/8254/Address-to-the-No-Carbon-Tax-Rally-Canberra.aspx,4299f94ff96d37531065e644cc3da950c4fcc73b
2002-08-03-5093a,CENTRE FOR INDEPENDENT STUDIES CONSILIUM - “THE SPECTATOR IN THE BREAST OF MAN”,2002-08-03,http://www.tonyabbott.com.au/LatestNews/Speeches/tabid/88/articleType/ArticleView/articleId/3700/CENTRE-FOR-INDEPENDENT-STUDIES-CONSILIUM--THE-SPECTATOR-IN-THE-BREAST-OF-MAN.aspx,5093ad49c5972adbddd4699b36623b79dd7581a5
2010-07-17-28cf2,"Leader of the Opposition's Transcript - Address to the LNP Conference, Brisbane 17-07",2010-07-17,http://www.tonyabbott.com.au/LatestNews/Speeches/tabid/88/articleType/ArticleView/articleId/7491/Leader-of-the-Oppositions-Transcript--Address-to-the-LNP-Conference-Brisbane-17-07.aspx,28cf2e59881e7cde6646379e0ced83df9a979ca4
2006-06-21-2c9d5,SPEECH NOTES FOR THE LAUNCH OF AUSTRALIA’S HEALTH 2006,2006-06-21,http://www.tonyabbott.com.au/LatestNews/Speeches/tabid/88/articleType/ArticleView/articleId/3776/SPEECH-NOTES-FOR-THE-LAUNCH-OF-AUSTRALIAS-HEALTH-2006.aspx,2c9d5ba51e47cf1a530642778899ec1c08a64b6a
2012-08-20-ef855,"Remarks to the India Australia Friendship Fair, Sydney",2012-08-20,http://www.tonyabbott.com.au/LatestNews/Speeches/tabid/88/articleType/ArticleView/articleId/8851/Remarks-to-the-India-Australia-Friendship-Fair-Sydney.aspx,ef855c9aae9a88e00cdff4eb0d53c952e71013e5
2001-10-24-3eb28,SPEAKING NOTES FOR HOUSING INDUSTRY ASSOCIATION DINNER,2001-10-24,http://www.tonyabbott.com.au/LatestNews/Speeches/tabid/88/articleType/ArticleView/articleId/3703/SPEAKING-NOTES-FOR-HOUSING-INDUSTRY-ASSOCIATION-DINNER.aspx,3eb2816b3d8541baf2a10eba7a0ddd695be55cb0
2007-08-20-de3ae,AN E-HEALTH REPORT CARD,2007-08-20,http://www.tonyabbott.com.au/LatestNews/Speeches/tabid/88/articleType/ArticleView/articleId/6295/AN-E-HEALTH-REPORT-CARD.aspx,de3aeba2bc79d0f3a0c70261f8edeb9e01ea667d
2009-07-30-45a2c,BATTLELINES,2009-07-30,http://www.tonyabbott.com.au/LatestNews/Speeches/tabid/88/articleType/ArticleView/articleId/7089/BATTLELINES.aspx,45a2c1e41b3b055e78b3cf8a02ab798fc88122c6
1999-05-19-656b3,ADDRESS TO JOBS AUSTRALIA ANNUAL CONFERENCE,1999-05-19,http://www.tonyabbott.com.au/LatestNews/Speeches/tabid/88/articleType/ArticleView/articleId/3691/ADDRESS-TO-JOBS-AUSTRALIA-ANNUAL-CONFERENCE.aspx,656b30c90868c2187626d277e59e0b254fc34813
2010-02-18-5f070,"Address to Community Luncheon, Launceston",2010-02-18,http://www.tonyabbott.com.au/LatestNews/Speeches/tabid/88/articleType/ArticleView/articleId/7272/Address-to-Community-Luncheon-Launceston.aspx,5f070609fb49e904765d403f4ec1186e8185da97
2005-05-12-03c9f,THE TROUBLE WITH EXPERTS,2005-05-12,http://www.tonyabbott.com.au/LatestNews/Speeches/tabid/88/articleType/ArticleView/articleId/3595/THE-TROUBLE-WITH-EXPERTS.aspx,03c9ff4810163c3c8f8ed320934f96e452d55b62
2012-08-23-944a6,"Remarks at Launch of ""In Fred's Footsteps: 20 Years of Restoring Sight"" Parliament House",2012-08-23,http://www.tonyabbott.com.au/LatestNews/Speeches/tabid/88/articleType/ArticleView/articleId/8860/Remarks-at-Launch-of-In-Freds-Footsteps-20-Years-of-Restoring-Sight-Parliament-House.aspx,944a6f64f902a23e3713d8f68baf04a9410e8766
2001-03-24-c5f18,SPEECH NOTES FOR THE HR NICHOLLS SPEECH - REFLECTIONS OF A NEW BOY,2001-03-24,http://www.tonyabbott.com.au/LatestNews/Speeches/tabid/88/articleType/ArticleView/articleId/3704/SPEECH-NOTES-FOR-THE-HR-NICHOLLS-SPEECH--REFLECTIONS-OF-A-NEW-BOY.aspx,c5f1804244cb9a7f5162f54d5c21272e17de1e18
2010-05-04-eea6c,"Address to the Menzies Research Centre - Immigration, Border Protection and Population Fundamentals",2010-05-04,http://www.tonyabbott.com.au/LatestNews/Speeches/tabid/88/articleType/ArticleView/articleId/7364/Address-to-the-Menzies-Research-Centre--Immigration-Border-Protection-and-Population-Fundamentals.aspx,eea6c35929db8ac1113fae415f4a149c0c7c5436
2000-05-06-0ee7b,SPEECH NOTES FOR HR NICHOLLS SOCIETY - CONSTRUCTIVE COMPASSION,2000-05-06,http://www.tonyabbott.com.au/LatestNews/Speeches/tabid/88/articleType/ArticleView/articleId/3671/SPEECH-NOTES-FOR-HR-NICHOLLS-SOCIETY--CONSTRUCTIVE-COMPASSION.aspx,0ee7b9e5148b939bd5bad8030151b2591a7e2d04
2011-07-16-1783d,"Address to LNP State Council, Brisbane",2011-07-16,http://www.tonyabbott.com.au/LatestNews/Speeches/tabid/88/articleType/ArticleView/articleId/8203/Address-to-LNP-State-Council-Brisbane.aspx,1783d8899220bd1580a7c992f71ebe9ec4f73711
2012-04-28-25d4d,"Address to the Victoria Liberal Party State Council, Melbourne",2012-04-28,http://www.tonyabbott.com.au/LatestNews/Speeches/tabid/88/articleType/ArticleView/articleId/8692/Address-to-the-Victoria-Liberal-Party-State-Council-Melbourne.aspx,25d4d65ce2fe9313d77ee27aafd6043a139c5b41
2011-11-21-96124,"Address to The Sydney Institute, Sydney",2011-11-21,http://www.tonyabbott.com.au/LatestNews/Speeches/tabid/88/articleType/ArticleView/articleId/8465/Address-to-The-Sydney-Institute-Sydney.aspx,96124d51c8161bfe6c72657ad46a5e2d2cd19f61
2011-05-12-6185d,"Address to the House of Representatives, Address in Reply, Parliament House, Canberra",2011-05-12,http://www.tonyabbott.com.au/LatestNews/Speeches/tabid/88/articleType/ArticleView/articleId/8069/Address-to-the-House-of-Representatives-Address-in-Reply-Parliament-House-Canberra.aspx,6185df3602856e44b782456b3c5e7d9d2b69c7fe
1999-05-04-74201,NOTES FOR AUSTRALIA UNLIMITED CONFERENCE - BRIDGING THE INCENTIVE GAP,1999-05-04,http://www.tonyabbott.com.au/LatestNews/Speeches/tabid/88/articleType/ArticleView/articleId/3687/NOTES-FOR-AUSTRALIA-UNLIMITED-CONFERENCE--BRIDGING-THE-INCENTIVE-GAP.aspx,74201e781e8112a09541a8f35c8c5d6cbbc618c0
2006-09-15-b7515,SPEECH NOTES FOR THE ‘TOWARDS A COHESIVE AUSTRALIA’ FORUM,2006-09-15,http://www.tonyabbott.com.au/LatestNews/Speeches/tabid/88/articleType/ArticleView/articleId/4309/SPEECH-NOTES-FOR-THE-TOWARDS-A-COHESIVE-AUSTRALIA-FORUM.aspx,b7515a22614378187975e589dc6feb5d6743e007
1997-10-13-faaf9,SPENDER SCHOLARS,1997-10-13,http://www.tonyabbott.com.au/LatestNews/Speeches/tabid/88/articleType/ArticleView/articleId/3684/SPENDER-SCHOLARS.aspx,faaf930ab66b4bbac80f06d443e037856df35a58
2010-01-30-8aeb9,"TONY ABBOTT'S ADDRESS TO THE YOUNG LIBERAL FEDERAL CONVENTION, ADELAIDE",2010-01-30,http://www.tonyabbott.com.au/LatestNews/Speeches/tabid/88/articleType/ArticleView/articleId/7238/TONY-ABBOTTS-ADDRESS-TO-THE-YOUNG-LIBERAL-FEDERAL-CONVENTION-ADELAIDE.aspx,8aeb9641121584dd714c9f675fe1aba113fd341e
2000-07-28-195ab,"IN THE COMMUNITY, OF THE COMMUNITY, FOR THE COMMUNITY",2000-07-28,http://www.tonyabbott.com.au/LatestNews/Speeches/tabid/88/articleType/ArticleView/articleId/3698/IN-THE-COMMUNITY-OF-THE-COMMUNITY-FOR-THE-COMMUNITY.aspx,195ab2512b77c840a6221f8c47e8592411f5edc4
2010-08-18-feeda,"The People's Forum, The Broncos Leagues Club, Brisbane",2010-08-18,http://www.tonyabbott.com.au/LatestNews/Speeches/tabid/88/articleType/ArticleView/articleId/7644/The-Peoples-Forum-The-Broncos-Leagues-Club-Brisbane.aspx,feedad374634684d45266ebbb29085ccd6fecddd
2006-10-30-bf303,SPEECH NOTES FOR CANBERRA LAUNCH OF,2006-10-30,http://www.tonyabbott.com.au/LatestNews/Speeches/tabid/88/articleType/ArticleView/articleId/4412/SPEECH-NOTES-FOR-CANBERRA-LAUNCH-OF.aspx,bf3031219a77db580636a2bd08c1972fd4394192
2007-04-30-17cfb,SPEECH TO THE PBS FORUM,2007-04-30,http://www.tonyabbott.com.au/LatestNews/Speeches/tabid/88/articleType/ArticleView/articleId/5644/SPEECH-TO-THE-PBS-FORUM.aspx,17cfbec283ee368fa109fa2aab47baa3ae7cad06
2003-11-18-12c9e,MEDICARE PLUS: PROTECTING AND STRENGTHENING MEDICARE,2003-11-18,http://www.tonyabbott.com.au/LatestNews/Speeches/tabid/88/articleType/ArticleView/articleId/3557/MEDICARE-PLUS-PROTECTING-AND-STRENGTHENING-MEDICARE.aspx,12c9e16c7b654b57c6848d295685d76073ac3b93
2003-10-28-2b621,ADDRESS TO VICTORIA ZIONIST COUNCIL ASSEMBLY,2003-10-28,http://www.tonyabbott.com.au/LatestNews/Speeches/tabid/88/articleType/ArticleView/articleId/3562/ADDRESS-TO-VICTORIA-ZIONIST-COUNCIL-ASSEMBLY.aspx,2b62143b11a28d60a65c902ef8ec574ace640413
2006-08-02-34e79,ADDRESS TO THE NATIONAL PRESS CLUB,2006-08-02,http://www.tonyabbott.com.au/LatestNews/Speeches/tabid/88/articleType/ArticleView/articleId/3949/ADDRESS-TO-THE-NATIONAL-PRESS-CLUB.aspx,34e799da0f5e112fb400a5294c64c4aed1484f48
2011-09-19-b5c1e,"Address to the Australian Industry Group National Forum, Parliament House, Canberra",2011-09-19,http://www.tonyabbott.com.au/LatestNews/Speeches/tabid/88/articleType/ArticleView/articleId/8332/Address-to-the-Australian-Industry-Group-National-Forum-Parliament-House-Canberra.aspx,b5c1ebbbb77b335bad555168aaca7a0fb57fd27d
2002-10-25-02302,MASTER BUILDERS ASSOCIATION,2002-10-25,http://www.tonyabbott.com.au/LatestNews/Speeches/tabid/88/articleType/ArticleView/articleId/3712/MASTER-BUILDERS-ASSOCIATION.aspx,02302e374c1fe72c400470fcbfe2dea466c0b8f5
2002-08-21-1faad,RESEARCH INVOLVING EMBRYOS AND PROHIBITION OF HUMAN CLONING BILL 2002: Second Reading,2002-08-21,http://www.tonyabbott.com.au/LatestNews/Speeches/tabid/88/articleType/ArticleView/articleId/3702/RESEARCH-INVOLVING-EMBRYOS-AND-PROHIBITION-OF-HUMAN-CLONING-BILL-2002-Second-Reading.aspx,1faadef4c04c5249eb740c79be2d925f2d503d8b
2004-03-04-ded57,MATTERS OF PUBLIC IMPORTANCE: BULK-BILLING,2004-03-04,http://www.tonyabbott.com.au/LatestNews/Speeches/tabid/88/articleType/ArticleView/articleId/3583/MATTERS-OF-PUBLIC-IMPORTANCE-BULK-BILLING.aspx,ded57d0f8a5090946c73b8e4e67bf5638192cbe0
2007-07-06-bfb65,"SPEECH NOTES FOR CATHOLIC STUDENTS CONFERENCE, CANBERRA",2007-07-06,http://www.tonyabbott.com.au/LatestNews/Speeches/tabid/88/articleType/ArticleView/articleId/5898/SPEECH-NOTES-FOR-CATHOLIC-STUDENTS-CONFERENCE-CANBERRA.aspx,bfb65bf27abb522fa2909464430b183c2a9179f8
2004-09-03-1c205,SPEECH NOTES FOR BENNELONG LECTURE - SEIZE THE MOMENT,2004-09-03,http://www.tonyabbott.com.au/LatestNews/Speeches/tabid/88/articleType/ArticleView/articleId/3551/SPEECH-NOTES-FOR-BENNELONG-LECTURE--SEIZE-THE-MOMENT.aspx,1c20505df8c196c21781df001fa4e2cb91bfd1a8
2011-01-24-ef06c,Remarks at the presentation of the Victoria Cross for Australia to Corporal Benamjin Roberts-Smith,2011-01-24,http://www.tonyabbott.com.au/LatestNews/Speeches/tabid/88/articleType/ArticleView/articleId/7790/Remarks-at-the-presentation-of-the-Victoria-Cross-for-Australia-to-Corporal-Benamjin-Roberts-Smith.aspx,ef06c96064c5759c1722390d26c3793adf05401e
2011-11-15-6471f,"Address to Australian troops, Afghanistan",2011-11-15,http://www.tonyabbott.com.au/LatestNews/Speeches/tabid/88/articleType/ArticleView/articleId/8451/Address-to-Australian-troops-Afghanistan.aspx,6471f4353f2c7f5ccd5a761dffea75a4b3814e9b
2003-12-16-043b4,VIRTUAL OPPORTUNITY CONFERENCE - IN I.T. WE TRUST?,2003-12-16,http://www.tonyabbott.com.au/LatestNews/Speeches/tabid/88/articleType/ArticleView/articleId/3668/VIRTUAL-OPPORTUNITY-CONFERENCE--IN-IT-WE-TRUST.aspx,043b4987f40e8ec7e2912cf104374bbb2cae39aa
2001-09-04-ddc3f,ADDRESS TO THE QUEENSLAND LOCAL GOVERNMENT ASSOCIATION CONFERENCE - TOWNSVILLE,2001-09-04,http://www.tonyabbott.com.au/LatestNews/Speeches/tabid/88/articleType/ArticleView/articleId/3716/ADDRESS-TO-THE-QUEENSLAND-LOCAL-GOVERNMENT-ASSOCIATION-CONFERENCE--TOWNSVILLE.aspx,ddc3fb0c45bad23439c480286119f4ff36031878
2012-07-11-8bd5c,"Address to the Tourism and Transport Forum Leaders Lunch, Sydney",2012-07-11,http://www.tonyabbott.com.au/LatestNews/Speeches/tabid/88/articleType/ArticleView/articleId/8809/Address-to-the-Tourism-and-Transport-Forum-Leaders-Lunch-Sydney.aspx,8bd5ccb8e99f010c8db7f676beba744a0d47611b
2011-11-17-79cc9,"Address to Parliament in honour of the visit by Barack Obama, President of the United States of America, House of Representatives, Parliament House",2011-11-17,http://www.tonyabbott.com.au/LatestNews/Speeches/tabid/88/articleType/ArticleView/articleId/8454/Address-to-Parliament-in-honour-of-the-visit-by-Barack-Obama-President-of-the-United-States-of-America-House-of-Representatives-Parliament-House.aspx,79cc9ac1a090add503e67caf7d9e4bbc6d7b377e
2011-09-20-c3103,"Address to the RSL National Congress, Melbourne",2011-09-20,http://www.tonyabbott.com.au/LatestNews/Speeches/tabid/88/articleType/ArticleView/articleId/8573/Address-to-the-RSL-National-Congress-Melbourne.aspx,c3103c47907750ed9a1f1482ed613d9b0207047b
2011-07-02-fff8b,"Remarks to Community Morning Tea, Port Lincoln",2011-07-02,http://www.tonyabbott.com.au/LatestNews/Speeches/tabid/88/articleType/ArticleView/articleId/8165/Remarks-to-Community-Morning-Tea-Port-Lincoln.aspx,fff8b9f0f3aedb1fc16105e0660f9be21f61788a
2011-10-14-bab62,"Address to Menzies Research Centre Taxation Roundtable, Sydney",2011-10-14,http://www.tonyabbott.com.au/LatestNews/Speeches/tabid/88/articleType/ArticleView/articleId/8391/Address-to-Menzies-Research-Centre-Taxation-Roundtable-Sydney.aspx,bab62fda659e7af8e16328ce6eee312a9e14a497
2010-09-21-c4ce4,"Address to the Menzies Research Centre, Sydney",2010-09-21,http://www.tonyabbott.com.au/LatestNews/Speeches/tabid/88/articleType/ArticleView/articleId/7685/Address-to-the-Menzies-Research-Centre-Sydney.aspx,c4ce48186c0385e6767052047dc45b5342aad575
2011-03-08-cc503,"Address to the United Israel Appeal Victoria 2011 Campaign Gala Dinner, Melbourne",2011-03-08,http://www.tonyabbott.com.au/LatestNews/Speeches/tabid/88/articleType/ArticleView/articleId/7906/Address-to-the-United-Israel-Appeal-Victoria-2011-Campaign-Gala-Dinner-Melbourne.aspx,cc503992c55c692809a945083df00b89dcc0f97c
2002-10-31-be779,A BETTER PEOPLE THAN WE KNOW,2002-10-31,http://www.tonyabbott.com.au/LatestNews/Speeches/tabid/88/articleType/ArticleView/articleId/3714/A-BETTER-PEOPLE-THAN-WE-KNOW.aspx,be779eac85251dae746c91b38074bcc7bf910a07
2011-02-23-465af,"Tax Laws Amendment (Temporary Flood Reconsturction Levy) Bill 2011 - Second Reading Speech, Parliament House",2011-02-23,http://www.tonyabbott.com.au/LatestNews/Speeches/tabid/88/articleType/ArticleView/articleId/7866/Tax-Laws-Amendment-Temporary-Flood-Reconsturction-Levy-Bill-2011--Second-Reading-Speech-Parliament-House.aspx,465afc3097f0c92244ad9ce25c72cd41438b164e
2011-10-26-21b05,"Q&A Session at ClubsNSW Rally, Campbelltown",2011-10-26,http://www.tonyabbott.com.au/LatestNews/Speeches/tabid/88/articleType/ArticleView/articleId/8411/QA-Session-at-ClubsNSW-Rally-Campbelltown.aspx,21b05b2d3a64c6f685103fdac6bf4f551fd87624
2010-07-19-3d500,"Address to the Australia-Israel Chamber of Commerce, Melbourne",2010-07-19,http://www.tonyabbott.com.au/LatestNews/Speeches/tabid/88/articleType/ArticleView/articleId/7497/Address-to-the-Australia-Israel-Chamber-of-Commerce-Melbourne.aspx,3d5009f1686a3ac8a2dbbc3b62e93156d1f04672
2011-08-13-ca896,"Address to the WA Liberal Party State Conference, Perth",2011-08-13,http://www.tonyabbott.com.au/LatestNews/Speeches/tabid/88/articleType/ArticleView/articleId/8253/Address-to-the-WA-Liberal-Party-State-Conference-Perth.aspx,ca896c4a79810126ec3c909f270ec3f2b6a1e01d
2011-10-17-7ddbd,"Remarks at Billy Boil Housing Site, Hopevale QLD",2011-10-17,http://www.tonyabbott.com.au/LatestNews/Speeches/tabid/88/articleType/ArticleView/articleId/8397/Remarks-at-Billy-Boil-Housing-Site-Hopevale-QLD.aspx,7ddbd09337a285042b3cc70fe99282793d855e1f
2010-02-26-b338d,Address to the Menzies Research Centre Policy Roundtable,2010-02-26,http://www.tonyabbott.com.au/LatestNews/Speeches/tabid/88/articleType/ArticleView/articleId/7278/Address-to-the-Menzies-Research-Centre-Policy-Roundtable.aspx,b338db6e85ed62fb4723aca579fe5bc860083b31
2009-09-07-4a0c5,THE END OF THE DISASTER NARRATIVE AND THE NEW CONSENSUS ON ABORIGINAL AFFAIRS,2009-09-07,http://www.tonyabbott.com.au/LatestNews/Speeches/tabid/88/articleType/ArticleView/articleId/7102/THE-END-OF-THE-DISASTER-NARRATIVE-AND-THE-NEW-CONSENSUS-ON-ABORIGINAL-AFFAIRS.aspx,4a0c5ce2bc936edb6fcdcc73ebdd19a04d962818
2005-10-19-de888,LAUNCH OF THE MENTAL HEALTH COUNCIL OF AUSTRALIA REPORT,2005-10-19,http://www.tonyabbott.com.au/LatestNews/Speeches/tabid/88/articleType/ArticleView/articleId/3665/LAUNCH-OF-THE-MENTAL-HEALTH-COUNCIL-OF-AUSTRALIA-REPORT.aspx,de8889d347631c09f4588a67a8400c468f1f5eef
2011-11-26-5fc3b,"Address to NSW Liberal Party State Council Annual General Meeting, Sydney",2011-11-26,http://www.tonyabbott.com.au/LatestNews/Speeches/tabid/88/articleType/ArticleView/articleId/8476/Address-to-NSW-Liberal-Party-State-Council-Annual-General-Meeting-Sydney.aspx,5fc3b9b2f63ede912a19f38df1b1af635cb1c4dd
1998-12-18-9bd00,NOTES FOR WORK FOR THE DOLE LAUNCH,1998-12-18,http://www.tonyabbott.com.au/LatestNews/Speeches/tabid/88/articleType/ArticleView/articleId/3685/NOTES-FOR-WORK-FOR-THE-DOLE-LAUNCH.aspx,9bd00a403395cd55873b3adf924905a984f00938
2004-08-19-4a336,ABBOTT PRESS CLUB WITH JULIA GILLARD,2004-08-19,http://www.tonyabbott.com.au/LatestNews/Speeches/tabid/88/articleType/ArticleView/articleId/3666/ABBOTT-PRESS-CLUB-WITH-JULIA-GILLARD.aspx,4a336508ab04836ed9945a15c880a15e821e7048
2005-08-02-867a1,HEALTH INFORMATICS CONFERENCE,2005-08-02,http://www.tonyabbott.com.au/LatestNews/Speeches/tabid/88/articleType/ArticleView/articleId/3586/HEALTH-INFORMATICS-CONFERENCE.aspx,867a160ae5c13dd37ee3dd3aa164f5b0dd299b8b
1999-07-24-28523,YOUNG AUSTRALIANS AGAINST A REPUBLIC,1999-07-24,http://www.tonyabbott.com.au/LatestNews/Speeches/tabid/88/articleType/ArticleView/articleId/3686/YOUNG-AUSTRALIANS-AGAINST-A-REPUBLIC.aspx,285237d47e0a1a0a6a0bb1beb6ae4642055c5b4f
2002-10-26-b5543,A NECESSARY DIVORCE,2002-10-26,http://www.tonyabbott.com.au/LatestNews/Speeches/tabid/88/articleType/ArticleView/articleId/3679/A-NECESSARY-DIVORCE.aspx,b5543c87ce3224a8d1255d494acf7f16c83cacd9
2006-01-21-4a954,YOUNG LIBERAL CONVENTION,2006-01-21,http://www.tonyabbott.com.au/LatestNews/Speeches/tabid/88/articleType/ArticleView/articleId/3598/YOUNG-LIBERAL-CONVENTION.aspx,4a954613165c5fa35c59420002602eb826e1efe6
2011-08-22-505ee,"Second Reading Speech, Carbon Tax Plebiscite Bill, Parliament House",2011-08-22,http://www.tonyabbott.com.au/LatestNews/Speeches/tabid/88/articleType/ArticleView/articleId/8268/Second-Reading-Speech-Carbon-Tax-Plebiscite-Bill-Parliament-House.aspx,505ee5c959f8f6309dc618773f14be69c2f17ed7
2005-03-04-5c378,SPEECH NOTES FOR 2005 AUSTRALIAN PHARMACY PROFESSIONAL CONFERENCE AND TRADE EXHIBITION,2005-03-04,http://www.tonyabbott.com.au/LatestNews/Speeches/tabid/88/articleType/ArticleView/articleId/3664/SPEECH-NOTES-FOR-2005-AUSTRALIAN-PHARMACY-PROFESSIONAL-CONFERENCE-AND-TRADE-EXHIBITION.aspx,5c378be381dd6098df436e518f681a577211a57f
2007-09-03-7ff81,"SPEECH NOTES FOR RICHARD SEARBY ORATION - DEAKIN UNIVERSITY, GEELONG",2007-09-03,http://www.tonyabbott.com.au/LatestNews/Speeches/tabid/88/articleType/ArticleView/articleId/6456/SPEECH-NOTES-FOR-RICHARD-SEARBY-ORATION--DEAKIN-UNIVERSITY-GEELONG.aspx,7ff811edd7002ad284c361d9ba5a6d90a327971b
2012-02-07-4ae1a,"Remarks to Coalition Joint Party Room Meeting, Parliament House",2012-02-07,http://www.tonyabbott.com.au/LatestNews/Speeches/tabid/88/articleType/ArticleView/articleId/8559/Remarks-to-Coalition-Joint-Party-Room-Meeting-Parliament-House.aspx,4ae1a450cf10b2181190a981d929c2d90adad04d
2012-01-19-27eb7,"Address to Cancer Council Morning Tea, Adelaide",2012-01-19,http://www.tonyabbott.com.au/LatestNews/Speeches/tabid/88/articleType/ArticleView/articleId/8530/Address-to-Cancer-Council-Morning-Tea-Adelaide.aspx,27eb7debccb8ec9d2b388b15dd6bd3562028cd77
2012-02-10-32c97,"Address to 2012 Master Builders Association of Victoria Members Conference, Yarra Valley",2012-02-10,http://www.tonyabbott.com.au/LatestNews/Speeches/tabid/88/articleType/ArticleView/articleId/8564/Address-to-2012-Master-Builders-Association-of-Victoria-Members-Conference-Yarra-Valley.aspx,32c973ebaa3509ed5fd4ea944397e2a728bb393d
2010-11-04-7dd29,"Remarks at the Murray-Darling Basin Authority Forbes Community Information Session, Forbes, New South Wales",2010-11-04,http://www.tonyabbott.com.au/LatestNews/Speeches/tabid/88/articleType/ArticleView/articleId/7709/Remarks-at-the-Murray-Darling-Basin-Authority-Forbes-Community-Information-Session-Forbes-New-South-Wales.aspx,7dd297ebc0cd85d0749a50a3fe54cf0e581d6ead
2002-05-22-ee483,ADDRESS TO INSTITUTE OF PUBLIC ADMINISTRATION AUSTRALIA CANBERRA,2002-05-22,http://www.tonyabbott.com.au/LatestNews/Speeches/tabid/88/articleType/ArticleView/articleId/3708/ADDRESS-TO-INSTITUTE-OF-PUBLIC-ADMINISTRATION-AUSTRALIA-CANBERRA.aspx,ee483f2d9b16ff9d45da369eba5193c8d66409ea
2010-08-16-623b0,Remarks at Faulconbridge Public School,2010-08-16,http://www.tonyabbott.com.au/LatestNews/Speeches/tabid/88/articleType/ArticleView/articleId/7611/Remarks-at-Faulconbridge-Public-School.aspx,623b04f0543a5363545ab3456fbbce999cd05859
2012-06-01-b3cb4,"Remarks to Westbourne Grammar School Assembly, Truganina, Melbourne",2012-06-01,http://www.tonyabbott.com.au/LatestNews/Speeches/tabid/88/articleType/ArticleView/articleId/8739/Remarks-to-Westbourne-Grammar-School-Assembly-Truganina-Melbourne.aspx,b3cb4f468edf7490043407f9a7b601932dcc0574
1999-07-13-ee720,WORK FOR THE DOLE ROUND THREE LAUNCH,1999-07-13,http://www.tonyabbott.com.au/LatestNews/Speeches/tabid/88/articleType/ArticleView/articleId/3693/WORK-FOR-THE-DOLE-ROUND-THREE-LAUNCH.aspx,ee7200712a89f566d857246f7336e7e8ff5ecd0a
2007-05-15-594bd,SPEECH NOTES FOR CEDA LUNCH,2007-05-15,http://www.tonyabbott.com.au/LatestNews/Speeches/tabid/88/articleType/ArticleView/articleId/5643/SPEECH-NOTES-FOR-CEDA-LUNCH.aspx,594bdc19a5dcc6f1e6a97ec3912011a21a0d0d01
2011-06-08-28f7a,"Address to The Lowy Institute, Sydney",2011-06-08,http://www.tonyabbott.com.au/LatestNews/Speeches/tabid/88/articleType/ArticleView/articleId/8123/Address-to-The-Lowy-Institute-Sydney.aspx,28f7a61e0e420a0f5a97c2d385869556732478b8
2002-03-23-859ce,SPEECH TO THE HR NICHOLLS SOCIETY IN MELBOURNE - LOSING THE LEGISLATION FIXATION,2002-03-23,http://www.tonyabbott.com.au/LatestNews/Speeches/tabid/88/articleType/ArticleView/articleId/3705/SPEECH-TO-THE-HR-NICHOLLS-SOCIETY-IN-MELBOURNE--LOSING-THE-LEGISLATION-FIXATION.aspx,859ce5cb4b75540eda499651f1cc6a74d8a51030
2011-10-01-fb090,"Address to the 2011 AFL Grand Final Breakfast, Etihad Stadium, Melbourne",2011-10-01,http://www.tonyabbott.com.au/LatestNews/Speeches/tabid/88/articleType/ArticleView/articleId/8362/Address-to-the-2011-AFL-Grand-Final-Breakfast-Etihad-Stadium-Melbourne.aspx,fb0903e36521e33c4e82a83e2fba0c3f74a657ac
2011-12-01-2e20d,"Address to the New South Wales Business Chamber Lunch, Sydney",2011-12-01,http://www.tonyabbott.com.au/LatestNews/Speeches/tabid/88/articleType/ArticleView/articleId/8484/Address-to-the-New-South-Wales-Business-Chamber-Lunch-Sydney.aspx,2e20d292ab4a013bd0fe0ac46701d510fd608def
2010-08-16-697da,"Remarks at Williamson Tool & Engineering, Chipping Norton NSW",2010-08-16,http://www.tonyabbott.com.au/LatestNews/Speeches/tabid/88/articleType/ArticleView/articleId/7619/Remarks-at-Williamson-Tool-Engineering-Chipping-Norton-NSW.aspx,697da962f82836befbe3c5b5a93da57ee7940a97
2011-09-22-a8bf8,"Second Reading Speech, Migration Legislation Amendment (Offshore Processing and Other Measures) Bill 2011, Parliament House",2011-09-22,http://www.tonyabbott.com.au/LatestNews/Speeches/tabid/88/articleType/ArticleView/articleId/8344/Second-Reading-Speech-Migration-Legislation-Amendment-Offshore-Processing-and-Other-Measures-Bill-2011-Parliament-House.aspx,a8bf84d0db8221774bf2c25d32ccc9a37c3d874d
2004-02-24-d06e1,THE AUSTRALIAN FINANCIAL REVIEW CONFERENCES - 6th ANNUAL HEALTH CONGRESS 2004,2004-02-24,http://www.tonyabbott.com.au/LatestNews/Speeches/tabid/88/articleType/ArticleView/articleId/3548/THE-AUSTRALIAN-FINANCIAL-REVIEW-CONFERENCES--6th-ANNUAL-HEALTH-CONGRESS-2004.aspx,d06e140ec6999a87fc0fc7bbe9281a6491921c68
2001-01-06-e3670,SPEECH NOTES FOR YOUNG LIBERAL FEDERAL CONFERENCE - BEYOND IDEOLOGY,2001-01-06,http://www.tonyabbott.com.au/LatestNews/Speeches/tabid/88/articleType/ArticleView/articleId/3681/SPEECH-NOTES-FOR-YOUNG-LIBERAL-FEDERAL-CONFERENCE--BEYOND-IDEOLOGY.aspx,e3670c8437bfbcefa35a5756cb50f004bab0b218
2011-02-21-2bf6e,"Address to the New South Wales Liberal Campaign Launch, Penrith",2011-02-21,http://www.tonyabbott.com.au/LatestNews/Speeches/tabid/88/articleType/ArticleView/articleId/7858/Address-to-the-New-South-Wales-Liberal-Campaign-Launch-Penrith.aspx,2bf6e46ec86b34cc6dc7adc12e1ce480dfb4a411
2000-04-07-2c571,LAUNCH OF THE GREATER BRISBANE AREA CONSULTATIVE COMMITTEE,2000-04-07,http://www.tonyabbott.com.au/LatestNews/Speeches/tabid/88/articleType/ArticleView/articleId/3672/LAUNCH-OF-THE-GREATER-BRISBANE-AREA-CONSULTATIVE-COMMITTEE.aspx,2c5717d5fc208c76966bdb82c07490593936722d
2012-02-15-bef44,"Statement on Closing the Gap, House of Representatives, Parliament House",2012-02-15,http://www.tonyabbott.com.au/LatestNews/Speeches/tabid/88/articleType/ArticleView/articleId/8570/Statement-on-Closing-the-Gap-House-of-Representatives-Parliament-House.aspx,bef44a2ab863f06639cbbf056729ed2fdbf59267
2011-10-21-6fb8f,"Address to a Reception for Her Majesty Queen Elizabeth II, Parliament House",2011-10-21,http://www.tonyabbott.com.au/LatestNews/Speeches/tabid/88/articleType/ArticleView/articleId/8406/Address-to-a-Reception-for-Her-Majesty-Queen-Elizabeth-II-Parliament-House.aspx,6fb8f23b2cb4a52294570829d8c49f991ccff3d4
2007-03-07-be709,SPEECH NOTES FOR NATIONAL RURAL HEALTH ALLIANCE CONFERENCE,2007-03-07,http://www.tonyabbott.com.au/LatestNews/Speeches/tabid/88/articleType/ArticleView/articleId/5640/SPEECH-NOTES-FOR-NATIONAL-RURAL-HEALTH-ALLIANCE-CONFERENCE.aspx,be709e921ea7f83aaed83d5907f511d670bbc437
2011-02-11-182d1,"Opening Speech to the Menzies Research Centre Forum, Parliament House",2011-02-11,http://www.tonyabbott.com.au/LatestNews/Speeches/tabid/88/articleType/ArticleView/articleId/7842/Opening-Speech-to-the-Menzies-Research-Centre-Forum-Parliament-House.aspx,182d180a3752ac69d946ca3d45638c7ed7aafd97
2010-10-21-62423,Parliamentary Debate - Australian Industry,2010-10-21,http://www.tonyabbott.com.au/LatestNews/Speeches/tabid/88/articleType/ArticleView/articleId/7699/Parliamentary-Debate--Australian-Industry.aspx,624230003c8e9265f85e6446abe1e05fa0e40e29
2012-06-21-2272b,"Remarks at the Announcement of the 2012 Australian Olympic Women's Artistic Gymnastics Team, AIS, Canberra",2012-06-21,http://www.tonyabbott.com.au/LatestNews/Speeches/tabid/88/articleType/ArticleView/articleId/8761/Remarks-at-the-Announcement-of-the-2012-Australian-Olympic-Womens-Artistic-Gymnastics-Team-AIS-Canberra.aspx,2272b6fc9409b9ee92933870dcecb12cfc292757
2011-11-24-5db2f,"End of year Valedictory Speech, House of Representatives,  Parliament House",2011-11-24,http://www.tonyabbott.com.au/LatestNews/Speeches/tabid/88/articleType/ArticleView/articleId/8470/End-of-year-Valedictory-Speech-House-of-Representatives-Parliament-House.aspx,5db2f2666ef9432a58a474190403c0264c910994
2003-02-21-52df7,THE PRINCIPLE OF CONVERGENCE,2003-02-21,http://www.tonyabbott.com.au/LatestNews/Speeches/tabid/88/articleType/ArticleView/articleId/3542/THE-PRINCIPLE-OF-CONVERGENCE.aspx,52df748b85bdc7a760f7c5a84ccd334ac00476e2
2000-07-19-487b5,"SOCIAL BUSINESS, SOCIAL MARKETS, SOCIAL CAPITAL",2000-07-19,http://www.tonyabbott.com.au/LatestNews/Speeches/tabid/88/articleType/ArticleView/articleId/3674/SOCIAL-BUSINESS-SOCIAL-MARKETS-SOCIAL-CAPITAL.aspx,487b5b498921963676f296a302b80c28fdcbcb94
1999-07-05-5bcdd,NOTES FOR SPEECH TO FORUM OF COMMONWEALTH AGENCIES - PARTNERSHIPS IN GOVERNMENT,1999-07-05,http://www.tonyabbott.com.au/LatestNews/Speeches/tabid/88/articleType/ArticleView/articleId/3690/NOTES-FOR-SPEECH-TO-FORUM-OF-COMMONWEALTH-AGENCIES--PARTNERSHIPS-IN-GOVERNMENT.aspx,5bcddb5dc60cb3f9bb029db41aa73c72a3d1a1af
2007-01-30-b3fb7,"LAUNCH OF BA SANTAMARIA COLLECTION OF LETTERS ‘YOUR MOST OBEDIENT SERVANT, SELECTED LETTERS 1938-19",2007-01-30,http://www.tonyabbott.com.au/LatestNews/Speeches/tabid/88/articleType/ArticleView/articleId/5637/LAUNCH-OF-BA-SANTAMARIA-COLLECTION-OF-LETTERS-YOUR-MOST-OBEDIENT-SERVANT-SELECTED-LETTERS-1938-19.aspx,b3fb7840e9a1b49dfeb810293cdd461395c153fe
2002-01-04-f3b40,YOUNG LIBERAL FEDERAL CONVENTION - FEELING BETTER ABOUT AUSTRALIA,2002-01-04,http://www.tonyabbott.com.au/LatestNews/Speeches/tabid/88/articleType/ArticleView/articleId/3678/YOUNG-LIBERAL-FEDERAL-CONVENTION--FEELING-BETTER-ABOUT-AUSTRALIA.aspx,f3b407b5b406fe032b5abf251f6ebfe230328f93
2006-09-20-fbcba,SPEECH TO THE CENTRE FOR INDEPENDENT STUDIES POLICY MAKERS FORUM,2006-09-20,http://www.tonyabbott.com.au/LatestNews/Speeches/tabid/88/articleType/ArticleView/articleId/4224/SPEECH-TO-THE-CENTRE-FOR-INDEPENDENT-STUDIES-POLICY-MAKERS-FORUM.aspx,fbcba73e6ee0329249007763c5692a7ae7c29884
2003-11-06-13553,MATTERS OF PUBLIC IMPORTANCE: MEDICARE - BULK BILLING,2003-11-06,http://www.tonyabbott.com.au/LatestNews/Speeches/tabid/88/articleType/ArticleView/articleId/3545/MATTERS-OF-PUBLIC-IMPORTANCE-MEDICARE--BULK-BILLING.aspx,13553832b5086d998a87e20f610246da7b772479
2012-08-12-3ef10,"Remarks at the Conclusion of the CEO Bricks and Mortar Working Bee, Aurukun, Queensland",2012-08-12,http://www.tonyabbott.com.au/LatestNews/Speeches/tabid/88/articleType/ArticleView/articleId/8839/Remarks-at-the-Conclusion-of-the-CEO-Bricks-and-Mortar-Working-Bee-Aurukun-Queensland.aspx,3ef10a08a5c411bd2d102d7661aa1323cfd12f27
2006-09-15-8bedc,DOORSTOP INTERVIEW - MELBOURNE,2006-09-15,http://www.tonyabbott.com.au/LatestNews/Speeches/tabid/88/articleType/ArticleView/articleId/4190/DOORSTOP-INTERVIEW--MELBOURNE.aspx,8bedce6dad91a072b96974902cfd0a62df6a5afa
2003-04-02-0eb50,RESTORING THE RULE OF LAW IN THE CONSTRUCTION INDUSTRY,2003-04-02,http://www.tonyabbott.com.au/LatestNews/Speeches/tabid/88/articleType/ArticleView/articleId/3558/RESTORING-THE-RULE-OF-LAW-IN-THE-CONSTRUCTION-INDUSTRY.aspx,0eb50d91111b66b9f840cb0e7859194a6a22d13a
2003-11-03-dae84,BULK BILLING WAS NEVER FOR EVERYONE,2003-11-03,http://www.tonyabbott.com.au/LatestNews/Speeches/tabid/88/articleType/ArticleView/articleId/3556/BULK-BILLING-WAS-NEVER-FOR-EVERYONE.aspx,dae849487d6f261e0a530777e7dac30f58e35644
1994-05-31-fdb85,"THE HON TONY ABBOTT MHR, MEMBER FOR WARRINGAH (NSW) - FIRST SPEECH TO PARLIAMENT",1994-05-31,http://www.tonyabbott.com.au/LatestNews/Speeches/tabid/88/articleType/ArticleView/articleId/3677/THE-HON-TONY-ABBOTT-MHR-MEMBER-FOR-WARRINGAH-NSW--FIRST-SPEECH-TO-PARLIAMENT.aspx,fdb856c6955aba111256633905c9f10b1a6e554f
2010-08-11-040ef,"Remarks at Yaama Dhiyaan Indigenous Hospitality Training Centre, Sydney",2010-08-11,http://www.tonyabbott.com.au/LatestNews/Speeches/tabid/88/articleType/ArticleView/articleId/7587/Remarks-at-Yaama-Dhiyaan-Indigenous-Hospitality-Training-Centre-Sydney.aspx,040efa52edfad7eca87b5cd6f55995860bde35bb
2001-03-20-83c18,AGAINST ROONISM – COMBATTING THE CULTURE OF DESPAIR,2001-03-20,http://www.tonyabbott.com.au/LatestNews/Speeches/tabid/88/articleType/ArticleView/articleId/3717/AGAINST-ROONISM-COMBATTING-THE-CULTURE-OF-DESPAIR.aspx,83c1891ea829aabe6cd05d97cc4a4c3b1e12c24b
2011-09-17-80641,"Remarks at Welcome Home for Xstrata Cycle for SMILE Team, Sydney",2011-09-17,http://www.tonyabbott.com.au/LatestNews/Speeches/tabid/88/articleType/ArticleView/articleId/8330/Remarks-at-Welcome-Home-for-Xstrata-Cycle-for-SMILE-Team-Sydney.aspx,8064193d603248bc0d932a9082db50782b2b4879
2010-10-28-8509c,Alfred Deakin Lecture 2010,2010-10-28,http://www.tonyabbott.com.au/LatestNews/Speeches/tabid/88/articleType/ArticleView/articleId/7701/Alfred-Deakin-Lecture-2010.aspx,8509cce2c755c13e084070cc8cbfc678c9b3529d
2001-08-16-d8fa1,A PREFERENCE FOR FREEDOM,2001-08-16,http://www.tonyabbott.com.au/LatestNews/Speeches/tabid/88/articleType/ArticleView/articleId/3683/A-PREFERENCE-FOR-FREEDOM.aspx,d8fa1e1bc376e73afad01207828d036015c6c58d
2009-11-06-e7469,"""CLOSING THE GAP""",2009-11-06,http://www.tonyabbott.com.au/LatestNews/Speeches/tabid/88/articleType/ArticleView/articleId/7148/CLOSING-THE-GAP.aspx,e7469b93647c32d9c13f6e71ace5a5b87b254b04
2012-07-06-34182,"Address to the Menzies Research Centre - John Howard Lecture 2012, Sydney",2012-07-06,http://www.tonyabbott.com.au/LatestNews/Speeches/tabid/88/articleType/ArticleView/articleId/8798/Address-to-the-Menzies-Research-Centre--John-Howard-Lecture-2012-Sydney.aspx,341827668ac5650ef96180ff7c0be85f6e76af6a
2012-08-06-f7292,"Address to the Institute of Public Affairs, Sydney",2012-08-06,http://www.tonyabbott.com.au/LatestNews/Speeches/tabid/88/articleType/ArticleView/articleId/8833/Address-to-the-Institute-of-Public-Affairs-Sydney.aspx,f7292dc7dd35aa83f188af98513b8223c1a8c9ff
2011-03-08-144fe,"Address to Strathcona Baptist Girls Grammar School, Melbourne",2011-03-08,http://www.tonyabbott.com.au/LatestNews/Speeches/tabid/88/articleType/ArticleView/articleId/7902/Address-to-Strathcona-Baptist-Girls-Grammar-School-Melbourne.aspx,144fe52cdc8e2edec4e1676668e1f45f68d17aca
2011-07-10-b3490,Address to the Nation,2011-07-10,http://www.tonyabbott.com.au/LatestNews/Speeches/tabid/88/articleType/ArticleView/articleId/8184/Address-to-the-Nation.aspx,b3490f8a5a1425282fb6bd6b65fdb99bfe3a1026
2012-05-10-ea9b3,"Address to the House of Representatives - Address In Reply, Parliament House, Canberra",2012-05-10,http://www.tonyabbott.com.au/LatestNews/Speeches/tabid/88/articleType/ArticleView/articleId/8810/Address-to-the-House-of-Representatives--Address-In-Reply-Parliament-House-Canberra.aspx,ea9b3479c35228b5e93cc0f616c896deb41bd868
2010-08-16-edfe2,"Remarks at Toodokan Self Defence Academy, Smeaton Grange",2010-08-16,http://www.tonyabbott.com.au/LatestNews/Speeches/tabid/88/articleType/ArticleView/articleId/7621/Remarks-at-Toodokan-Self-Defence-Academy-Smeaton-Grange.aspx,edfe2854c307a81179b567ed9657e3e475afefb0
2011-04-08-19f3b,"Remarks with the Hon Sussan Ley, MHR at Booral Public School, Booral",2011-04-08,http://www.tonyabbott.com.au/LatestNews/Speeches/tabid/88/articleType/ArticleView/articleId/7986/Remarks-with-the-Hon-Sussan-Ley-MHR-at-Booral-Public-School-Booral.aspx,19f3b9cd5ac063a6e703adf97728f7767a64a272
2003-11-14-af0c0,E MEDICINE,2003-11-14,http://www.tonyabbott.com.au/LatestNews/Speeches/tabid/88/articleType/ArticleView/articleId/3555/E-MEDICINE.aspx,af0c0af605e03eb21d8c8ba9836ef2e2e75eaa50
2012-06-08-3286f,"Landmark Speech - Address to the Pratt Foundation, Melbourne",2012-06-08,http://www.tonyabbott.com.au/LatestNews/Speeches/tabid/88/articleType/ArticleView/articleId/8746/Landmark-Speech--Address-to-the-Pratt-Foundation-Melbourne.aspx,3286f1bdeed1a23fc65827533d96da68a22048a2
2004-02-20-8603f,LAUNCH OF ORGAN DONOR AWARENESS WEEK – WESTMEAD CHILDREN’S HOSPITAL,2004-02-20,http://www.tonyabbott.com.au/LatestNews/Speeches/tabid/88/articleType/ArticleView/articleId/3564/LAUNCH-OF-ORGAN-DONOR-AWARENESS-WEEK-WESTMEAD-CHILDRENS-HOSPITAL.aspx,8603f71932a0ce2ada65c41b5589c8fcb6470dbc
2011-08-29-05c1f,"Address to the Committee for Economic Development of Australia, Melbourne",2011-08-29,http://www.tonyabbott.com.au/LatestNews/Speeches/tabid/88/articleType/ArticleView/articleId/8278/Address-to-the-Committee-for-Economic-Development-of-Australia-Melbourne.aspx,05c1ff4e647fb5e0ef1e4834701dc1b96e6be946
2000-11-17-83904,JOB NETWORK: WHERE TO NEXT?,2000-11-17,http://www.tonyabbott.com.au/LatestNews/Speeches/tabid/88/articleType/ArticleView/articleId/3676/JOB-NETWORK-WHERE-TO-NEXT.aspx,83904887e48a750fc8dc1dbb832561a8ab68fd23
2011-09-20-05208,"Matter of Public Importance, Parliament House, Canberra",2011-09-20,http://www.tonyabbott.com.au/LatestNews/Speeches/tabid/88/articleType/ArticleView/articleId/8340/Matter-of-Public-Importance-Parliament-House-Canberra.aspx,052087e92acdd04e23786364a0992b9e1f88b6b0
2005-05-02-bdc2c,PANDEMIC PREPAREDNESS,2005-05-02,http://www.tonyabbott.com.au/LatestNews/Speeches/tabid/88/articleType/ArticleView/articleId/3594/PANDEMIC-PREPAREDNESS.aspx,bdc2c9066bf4c0c6c6ffa59119ad58386fd048f9
2008-06-26-e231f,MODERN MISSIONARIES NEEDED FOR THE INTERVENTION TO WORK,2008-06-26,http://www.tonyabbott.com.au/LatestNews/Speeches/tabid/88/articleType/ArticleView/articleId/6943/MODERN-MISSIONARIES-NEEDED-FOR-THE-INTERVENTION-TO-WORK.aspx,e231f56506e0702ad365903eea52f2cb5dbb8798
2010-08-17-5899f,"National Press Club Address, Canberra",2010-08-17,http://www.tonyabbott.com.au/LatestNews/Speeches/tabid/88/articleType/ArticleView/articleId/7632/National-Press-Club-Address-Canberra.aspx,5899fb6bf98a3fe89b40483ba3ff21fc97892403
2012-09-13-e5a52,"Address to Homecoming of Australian Paralympic Team, Sydney",2012-09-13,http://www.tonyabbott.com.au/LatestNews/Speeches/tabid/88/articleType/ArticleView/articleId/8883/Address-to-Homecoming-of-Australian-Paralympic-Team-Sydney.aspx,e5a52b138db002973ad8365e3c8530c260967065
2011-11-10-51897,"Address to The Policy Exchange, London",2011-11-10,http://www.tonyabbott.com.au/LatestNews/Speeches/tabid/88/articleType/ArticleView/articleId/8448/Address-to-The-Policy-Exchange-London.aspx,51897abf43acdde280348290d980981e619b07d1
2011-09-14-ff62a,"Remarks to the Muscular Dystrophy Foundation Charity Ride, Canberra",2011-09-14,http://www.tonyabbott.com.au/LatestNews/Speeches/tabid/88/articleType/ArticleView/articleId/8316/Remarks-to-the-Muscular-Dystrophy-Foundation-Charity-Ride-Canberra.aspx,ff62a2764aca9e56bf697da702b43399bdaf9530
2010-08-19-041d5,"Remarks at Lincom Group, Narangba",2010-08-19,http://www.tonyabbott.com.au/LatestNews/Speeches/tabid/88/articleType/ArticleView/articleId/7653/Remarks-at-Lincom-Group-Narangba.aspx,041d5752235477172805af2dcf5191f43692157a
2001-05-16-55729,SPEECH NOTES FOR JOBS AUSTRALIA CONFERENCE - TACKLING THE MORAL DEFICIT,2001-05-16,http://www.tonyabbott.com.au/LatestNews/Speeches/tabid/88/articleType/ArticleView/articleId/3710/SPEECH-NOTES-FOR-JOBS-AUSTRALIA-CONFERENCE--TACKLING-THE-MORAL-DEFICIT.aspx,55729275a73185c6df1711634b824bad410ebe84
2011-05-19-96b2b,"Remarks at Morning Tea, Sanitarium, Berkeley Vale",2011-05-19,http://www.tonyabbott.com.au/LatestNews/Speeches/tabid/88/articleType/ArticleView/articleId/8086/Remarks-at-Morning-Tea-Sanitarium-Berkeley-Vale.aspx,96b2b2b6a978a51872437fe2cf3cf33f5fc9b809
2010-10-10-2f8c5,"Address to the Australian Troops, Tarin Kowt",2010-10-10,http://www.tonyabbott.com.au/LatestNews/Speeches/tabid/88/articleType/ArticleView/articleId/7696/Address-to-the-Australian-Troops-Tarin-Kowt.aspx,2f8c5e5b0c22ff30ac55d492a45220af1dabe6bd
2001-01-06-981bd,SPEECH NOTES FOR ADDRESS TO YOUNG LIBERALS - BEYOND IDEOLOGY,2001-01-06,http://www.tonyabbott.com.au/LatestNews/Speeches/tabid/88/articleType/ArticleView/articleId/3719/SPEECH-NOTES-FOR-ADDRESS-TO-YOUNG-LIBERALS--BEYOND-IDEOLOGY.aspx,981bd962875b3ea584abd356b0efe833345e3a01
2010-01-12-e547d,OPPOSITION SEEKS TO OVERTURN WILD RIVERS DECLARATION IN CAPE YORK,2010-01-12,http://www.tonyabbott.com.au/LatestNews/Speeches/tabid/88/articleType/ArticleView/articleId/7213/OPPOSITION-SEEKS-TO-OVERTURN-WILD-RIVERS-DECLARATION-IN-CAPE-YORK.aspx,e547d511cda00e3d8fc3fb406c9739ff162b913e
2005-08-26-df2bc,HEALTH REFORM - ITS POSSIBILITIES AND LIMITATIONS,2005-08-26,http://www.tonyabbott.com.au/LatestNews/Speeches/tabid/88/articleType/ArticleView/articleId/3588/HEALTH-REFORM--ITS-POSSIBILITIES-AND-LIMITATIONS.aspx,df2bc652d015d8fbb3a0a57fce09a1b6ec23b25d
2012-04-27-83e94,"Landmark Speech - Address to the Institute of Public Affairs, Melbourne",2012-04-27,http://www.tonyabbott.com.au/LatestNews/Speeches/tabid/88/articleType/ArticleView/articleId/8689/Landmark-Speech--Address-to-the-Institute-of-Public-Affairs-Melbourne.aspx,83e94a355a90a2769a65519ffac4403fd8c313d3
2011-05-25-54b1d,"Address to the Manufacturers' Monthly Endeavour Awards, Melbourne",2011-05-25,http://www.tonyabbott.com.au/LatestNews/Speeches/tabid/88/articleType/ArticleView/articleId/8097/Address-to-the-Manufacturers-Monthly-Endeavour-Awards-Melbourne.aspx,54b1d6b1c8c6219a372a71d4bf8bb8255e0d12d5
2006-08-28-4dfbd,SPEAKING NOTES FOR MCAULEY BOOK LAUNCH - 28 AUGUST 2006,2006-08-28,http://www.tonyabbott.com.au/LatestNews/Speeches/tabid/88/articleType/ArticleView/articleId/4089/SPEAKING-NOTES-FOR-MCAULEY-BOOK-LAUNCH--28-AUGUST-2006.aspx,4dfbd1b9c9f3919f33a14d6330be506e1ad0c882
2010-04-17-869d2,"Address to the Liberal Party (151st Victorian Division) State Council, Melbourne 17-04",2010-04-17,http://www.tonyabbott.com.au/LatestNews/Speeches/tabid/88/articleType/ArticleView/articleId/7342/Address-to-the-Liberal-Party-151st-Victorian-Division-State-Council-Melbourne-17-04.aspx,869d2dd0da06689c47c91a837aa12a25de2a2e63
2007-03-02-d355d,SPEECH NOTES FOR PHARMACY GUILD NATIONAL CONFERENCE,2007-03-02,http://www.tonyabbott.com.au/LatestNews/Speeches/tabid/88/articleType/ArticleView/articleId/5641/SPEECH-NOTES-FOR-PHARMACY-GUILD-NATIONAL-CONFERENCE.aspx,d355daf655f988e2c90d8c04c3de31a7f4e41528
2011-04-21-bbe88,"Address to the Brain and Mind Research Institute, Sydney",2011-04-21,http://www.tonyabbott.com.au/LatestNews/Speeches/tabid/88/articleType/ArticleView/articleId/8017/Address-to-the-Brain-and-Mind-Research-Institute-Sydney.aspx,bbe88437bb78f44e5709407283616bf3c966b87f
2004-08-16-bc841,WHICH WORKERS’ PARTY?,2004-08-16,http://www.tonyabbott.com.au/LatestNews/Speeches/tabid/88/articleType/ArticleView/articleId/3546/WHICH-WORKERS-PARTY.aspx,bc8412e091e5d7b07267f8c52c122df1105d7e6a
1999-03-23-17e9b,DISTANCE DETHRONED - REMARKS FOR NATIONAL TECHNOLOGY IN GOVERNMENT CONFERENCE,1999-03-23,http://www.tonyabbott.com.au/LatestNews/Speeches/tabid/88/articleType/ArticleView/articleId/3692/DISTANCE-DETHRONED--REMARKS-FOR-NATIONAL-TECHNOLOGY-IN-GOVERNMENT-CONFERENCE.aspx,17e9b6b3a4633424d9ec82b3140151889a163d69
2011-03-23-c6ea7,"Address to the No Carbon Tax Rally, Parliament House",2011-03-23,http://www.tonyabbott.com.au/LatestNews/Speeches/tabid/88/articleType/ArticleView/articleId/7942/Address-to-the-No-Carbon-Tax-Rally-Parliament-House.aspx,c6ea7b18e441e40869e9f81dfe2bac6e24d1a8b8
2000-08-06-c7568,SPEECH NOTES FOR HR NICHOLLS SOCIETY - CONSTRUCTIVE COMPASSION,2000-08-06,http://www.tonyabbott.com.au/LatestNews/Speeches/tabid/88/articleType/ArticleView/articleId/3697/SPEECH-NOTES-FOR-HR-NICHOLLS-SOCIETY--CONSTRUCTIVE-COMPASSION.aspx,c7568c05caaed5625131270800c1a7d8dc0c40cc
2005-07-20-68118,THE AUSTRALIA-US RELATIONSHIP: QUO VADIS? THE LESSONS OF HISTORY,2005-07-20,http://www.tonyabbott.com.au/LatestNews/Speeches/tabid/88/articleType/ArticleView/articleId/3592/THE-AUSTRALIA-US-RELATIONSHIP-QUO-VADIS-THE-LESSONS-OF-HISTORY.aspx,68118b6206058d7d34109f4eee180b9c58566783
1999-06-30-e3b0d,NOTES  FOR CEDA SPEECH - BEYOND THE UNEMPLOYMENT PIETIES,1999-06-30,http://www.tonyabbott.com.au/LatestNews/Speeches/tabid/88/articleType/ArticleView/articleId/3688/NOTES-FOR-CEDA-SPEECH--BEYOND-THE-UNEMPLOYMENT-PIETIES.aspx,e3b0d952ee063ff46e1f68e0881eaf1fd2ce0402
2001-02-02-37a6a,DOUG CAMPBELL – TELSTRA,2001-02-02,http://www.tonyabbott.com.au/LatestNews/Speeches/tabid/88/articleType/ArticleView/articleId/3682/DOUG-CAMPBELL-TELSTRA.aspx,37a6a691f595e4eaed718f42b187a9cf6ab25454
2003-08-08-1d16e,SPEECH NOTES FOR ADDRESS TO CIS CONSILIUM - “THE WEST AND ITS CHALLENGES”,2003-08-08,http://www.tonyabbott.com.au/LatestNews/Speeches/tabid/88/articleType/ArticleView/articleId/3541/SPEECH-NOTES-FOR-ADDRESS-TO-CIS-CONSILIUM--THE-WEST-AND-ITS-CHALLENGES.aspx,1d16eab8b0e3f6b569d53a95ab345a4a5b46e9aa
2011-06-25-9db6f,Address to the 55th Federal Council of the Liberal Party of Australia,2011-06-25,http://www.tonyabbott.com.au/LatestNews/Speeches/tabid/88/articleType/ArticleView/articleId/8155/Address-to-the-55th-Federal-Council-of-the-Liberal-Party-of-Australia.aspx,9db6fd5ca5a6abb9ccc13c6d17955524ca919f62
2001-06-12-09846,MAKING WORK PAY – THE TROUBLE WITH THE WELFARE STATE,2001-06-12,http://www.tonyabbott.com.au/LatestNews/Speeches/tabid/88/articleType/ArticleView/articleId/3707/MAKING-WORK-PAY-THE-TROUBLE-WITH-THE-WELFARE-STATE.aspx,09846e34088aef8789efbbc4c2f02528a509dde7
2010-02-05-e6cb1,"Leader of the Opposition's Address to the Millennium Forum Morning Tea, Sydney",2010-02-05,http://www.tonyabbott.com.au/LatestNews/Speeches/tabid/88/articleType/ArticleView/articleId/7256/Leader-of-the-Oppositions-Address-to-the-Millennium-Forum-Morning-Tea-Sydney.aspx,e6cb19a9f8006e908eb72794f89488e230b86d96
2000-01-07-c569d,IN DEFENCE OF POLITICS - SPEECH NOTES FOR YOUNG LIBERAL CONFERENCE,2000-01-07,http://www.tonyabbott.com.au/LatestNews/Speeches/tabid/88/articleType/ArticleView/articleId/3675/IN-DEFENCE-OF-POLITICS--SPEECH-NOTES-FOR-YOUNG-LIBERAL-CONFERENCE.aspx,c569dfc0d2596114904f7b853999b2ad563edd20
2010-12-11-a10e6,Address to the Liberal Party Western Australia Division State Council,2010-12-11,http://www.tonyabbott.com.au/LatestNews/Speeches/tabid/88/articleType/ArticleView/articleId/7742/Address-to-the-Liberal-Party-Western-Australia-Division-State-Council.aspx,a10e69462118737a387b3d13bada47797b8a2060
2007-01-27-d9ed7,RUDD’S RELIGIOUS SALES PITCH,2007-01-27,http://www.tonyabbott.com.au/LatestNews/Speeches/tabid/88/articleType/ArticleView/articleId/4739/RUDDS-RELIGIOUS-SALES-PITCH.aspx,d9ed7abf420b7bfa31bf041e1abd659203bbfc28
2011-11-17-9e583,"Address to a Dinner in Honour of Barack Obama, President of the United States of America, The Great Hall, Parliament House",2011-11-17,http://www.tonyabbott.com.au/LatestNews/Speeches/tabid/88/articleType/ArticleView/articleId/8453/Address-to-a-Dinner-in-Honour-of-Barack-Obama-President-of-the-United-States-of-America-The-Great-Hall-Parliament-House.aspx,9e58324284c7b6eb89b8c32a735750c8e17a56c8
2007-02-21-d9756,HEALTH REFORM: IMPORTANT BUT EASY TO OVERRATE,2007-02-21,http://www.tonyabbott.com.au/LatestNews/Speeches/tabid/88/articleType/ArticleView/articleId/5639/HEALTH-REFORM-IMPORTANT-BUT-EASY-TO-OVERRATE.aspx,d97567460ff4a1b9c16b4c02890240d6f033dbb9
2004-01-23-428f9,YOUNG LIBERAL SPEECH - THE MORAL CASE FOR THE HOWARD GOVERNMENT,2004-01-23,http://www.tonyabbott.com.au/LatestNews/Speeches/tabid/88/articleType/ArticleView/articleId/3565/YOUNG-LIBERAL-SPEECH--THE-MORAL-CASE-FOR-THE-HOWARD-GOVERNMENT.aspx,428f9c9817d831c005770ae280eb6c6578413074
2002-05-09-81c6e,SPEECH TO THE AUSTRALIAN FOOD AND GROCERY COUNCIL - ‘A NATIONAL WORKPLACE’,2002-05-09,http://www.tonyabbott.com.au/LatestNews/Speeches/tabid/88/articleType/ArticleView/articleId/3699/SPEECH-TO-THE-AUSTRALIAN-FOOD-AND-GROCERY-COUNCIL--A-NATIONAL-WORKPLACE.aspx,81c6ee39d4e10a4e834272f496034bec7d86ecca
2011-11-01-65bd4,"Remarks at Carers Australia Morning Tea, Canberra",2011-11-01,http://www.tonyabbott.com.au/LatestNews/Speeches/tabid/88/articleType/ArticleView/articleId/8428/Remarks-at-Carers-Australia-Morning-Tea-Canberra.aspx,65bd49470bfed44b1b937694000260be4b6bfe61
2011-03-25-12851,"Remarks to the Kooyong K200 Breakfast, Melbourne",2011-03-25,http://www.tonyabbott.com.au/LatestNews/Speeches/tabid/88/articleType/ArticleView/articleId/7951/Remarks-to-the-Kooyong-K200-Breakfast-Melbourne.aspx,12851614ccbfe42da315ecfbb1f91fbd877553dd
2008-05-02-aea9c,THE IMPORTANCE OF IMMIGRATION TO THE AUSTRALIAN NATION,2008-05-02,http://www.tonyabbott.com.au/LatestNews/Speeches/tabid/88/articleType/ArticleView/articleId/6915/THE-IMPORTANCE-OF-IMMIGRATION-TO-THE-AUSTRALIAN-NATION.aspx,aea9cecb74a56fc4526a074390a534e97484c9be
2005-06-06-134eb,GETTING THE SMALLER THINGS RIGHT,2005-06-06,http://www.tonyabbott.com.au/LatestNews/Speeches/tabid/88/articleType/ArticleView/articleId/3593/GETTING-THE-SMALLER-THINGS-RIGHT.aspx,134eb667d6e8d8d5ac7d9a922346459a151af991
2003-03-26-f748e,MINISTERIAL STATEMENTS: ROYAL COMMISSION INTO THE BUILDING AND CONSTRUCTION INDUSTRY,2003-03-26,http://www.tonyabbott.com.au/LatestNews/Speeches/tabid/88/articleType/ArticleView/articleId/3544/MINISTERIAL-STATEMENTS-ROYAL-COMMISSION-INTO-THE-BUILDING-AND-CONSTRUCTION-INDUSTRY.aspx,f748e73ffd75cee4c17293825a469f2f6dd42b26
2011-10-26-bda7e,"Address to the ClubsNSW Rally, Campbelltown",2011-10-26,http://www.tonyabbott.com.au/LatestNews/Speeches/tabid/88/articleType/ArticleView/articleId/8409/Address-to-the-ClubsNSW-Rally-Campbelltown.aspx,bda7e2d45cd6802347b8a726d2582c924389eff4
2004-03-16-93414,THE ETHICAL RESPONSIBILITIES OF A CHRISTIAN POLITICIAN,2004-03-16,http://www.tonyabbott.com.au/LatestNews/Speeches/tabid/88/articleType/ArticleView/articleId/3550/THE-ETHICAL-RESPONSIBILITIES-OF-A-CHRISTIAN-POLITICIAN.aspx,93414ff7e08b5c76549a56aa7c9b5cbd3ce5be1c
2004-06-18-2cb07,CEDA - STATE OF THE NATION FORUM 2004 - HOW LABOR INTENDS TO KILL MEDICARE,2004-06-18,http://www.tonyabbott.com.au/LatestNews/Speeches/tabid/88/articleType/ArticleView/articleId/3667/CEDA--STATE-OF-THE-NATION-FORUM-2004--HOW-LABOR-INTENDS-TO-KILL-MEDICARE.aspx,2cb0702062e0ae909571a24623dbbd84a4a7d6e6
2011-07-29-6bb36,"Address to Consilium 2011, Queensland",2011-07-29,http://www.tonyabbott.com.au/LatestNews/Speeches/tabid/88/articleType/ArticleView/articleId/8241/Address-to-Consilium-2011-Queensland.aspx,6bb36fd8b7d78d740034c3bbad998e97c4a7cfcb
2010-08-14-f3a99,"Remarks with Michael Keenan and Don Randall, Perth",2010-08-14,http://www.tonyabbott.com.au/LatestNews/Speeches/tabid/88/articleType/ArticleView/articleId/7602/Remarks-with-Michael-Keenan-and-Don-Randall-Perth.aspx,f3a99b43f577af8f3fa1048359d07baa1db3b0a3
2003-07-16-d529b,HUMANISING CAPITALISM,2003-07-16,http://www.tonyabbott.com.au/LatestNews/Speeches/tabid/88/articleType/ArticleView/articleId/3543/HUMANISING-CAPITALISM.aspx,d529b6d8993b1ec0cc589636443064d759db3f60
2011-08-22-718f4,"Address to the Convoy of No Confidence Rally, Canberra",2011-08-22,http://www.tonyabbott.com.au/LatestNews/Speeches/tabid/88/articleType/ArticleView/articleId/8266/Address-to-the-Convoy-of-No-Confidence-Rally-Canberra.aspx,718f496b1bd7180f60cd2f93563c1c69f24c425d
2000-07-26-b2309,SPEECH TRANSCRIPT OF WORK FOR THE DOLE - UNFINISHED BUSINESS,2000-07-26,http://www.tonyabbott.com.au/LatestNews/Speeches/tabid/88/articleType/ArticleView/articleId/3696/SPEECH-TRANSCRIPT-OF-WORK-FOR-THE-DOLE--UNFINISHED-BUSINESS.aspx,b23092392b02fde46b70903b3681c994bd42f6ce
2010-01-22-abed0,"ADDRESS TO THE AUSTRALIA DAY COUNCIL (VICTORIA)  AUSTRALIA DAY DINNER, MELBOURNE.",2010-01-22,http://www.tonyabbott.com.au/LatestNews/Speeches/tabid/88/articleType/ArticleView/articleId/7228/ADDRESS-TO-THE-AUSTRALIA-DAY-COUNCIL-VICTORIA-AUSTRALIA-DAY-DINNER-MELBOURNE.aspx,abed02209e07fad944dd7fdcca0944b017824624
2011-10-24-67c45,"Address to the Stand Up for Egypt's Copts Rally, Belmore Park, Sydney",2011-10-24,http://www.tonyabbott.com.au/LatestNews/Speeches/tabid/88/articleType/ArticleView/articleId/8408/Address-to-the-Stand-Up-for-Egypts-Copts-Rally-Belmore-Park-Sydney.aspx,67c455232b6456ab6065f507b9748b7817eac549
2012-05-02-d308c,"Landmark Speech - Address to Infrastructure Partnerships Australia, Sydney",2012-05-02,http://www.tonyabbott.com.au/LatestNews/Speeches/tabid/88/articleType/ArticleView/articleId/8741/Landmark-Speech--Address-to-Infrastructure-Partnerships-Australia-Sydney.aspx,d308c1c0ff8a376bfb541a0751cb2ad0a5b14703
2010-07-24-1078a,"Address to West Australian Liberal Party, Perth",2010-07-24,http://www.tonyabbott.com.au/LatestNews/Speeches/tabid/88/articleType/ArticleView/articleId/7505/Address-to-West-Australian-Liberal-Party-Perth.aspx,1078ad4e93a1c19524fb7964b6e254533a26ab97
2011-04-14-9a7ea,"Address to the Menzies Research Centre National Productivity Roundtable, Sydney",2011-04-14,http://www.tonyabbott.com.au/LatestNews/Speeches/tabid/88/articleType/ArticleView/articleId/7997/Address-to-the-Menzies-Research-Centre-National-Productivity-Roundtable-Sydney.aspx,9a7ea2fc2e50d8713a6c7aad46debccf89b58e48
2011-07-01-fb514,"Address to the 2011 Economic and Social Outlook Conference, Melbourne",2011-07-01,http://www.tonyabbott.com.au/LatestNews/Speeches/tabid/88/articleType/ArticleView/articleId/8162/Address-to-the-2011-Economic-and-Social-Outlook-Conference-Melbourne.aspx,fb5142a21dbcfc2fce7e926d953b285430da170b
